Cites,Authors,Title,Year,Source,Publisher,ArticleURL,CitesURL,GSRank,QueryDate,Type,DOI,ISSN,CitationURL,Volume,Issue,StartPage,EndPage,ECC,CitesPerYear,CitesPerAuthor,AuthorCount,Age,Abstract,FullTextURL,RelatedURL
6416,"S. Chu","Opportunities and challenges for a sustainable energy future",2012,"Nature","","","https://www.scopus.com/inward/citedby.uri?partnerID=HzOxMe3b&scp=84865120266&origin=inward",1,"2022-12-15 13:34:15","Review","10.1038/nature11475","0028-0836","https://api.elsevier.com/content/abstract/scopus_id/84865120266",488,7411,294,303,6416,641.60,6416,1,10,"","",""
6184,"D. Teece","Explicating dynamic capabilities: The nature and microfoundations of (sustainable) enterprise performance",2007,"Strategic Management Journal","","","https://www.scopus.com/inward/citedby.uri?partnerID=HzOxMe3b&scp=36248939699&origin=inward",2,"2022-12-15 13:34:15","Article","10.1002/smj.640","0143-2095","https://api.elsevier.com/content/abstract/scopus_id/36248939699",28,13,1319,1350,6184,412.27,6184,1,15,"","",""
5236,"D. Klemm","Cellulose: Fascinating biopolymer and sustainable raw material",2005,"Angewandte Chemie - International Edition","","","https://www.scopus.com/inward/citedby.uri?partnerID=HzOxMe3b&scp=20444400628&origin=inward",3,"2022-12-15 13:34:15","Review","10.1002/anie.200460587","1433-7851","https://api.elsevier.com/content/abstract/scopus_id/20444400628",44,22,3358,3393,5236,308.00,5236,1,17,"","",""
4596,"D. Larcher","Towards greener and more sustainable batteries for electrical energy storage",2015,"Nature Chemistry","","","https://www.scopus.com/inward/citedby.uri?partnerID=HzOxMe3b&scp=84924528297&origin=inward",4,"2022-12-15 13:34:15","Review","10.1038/nchem.2085","1755-4330","https://api.elsevier.com/content/abstract/scopus_id/84924528297",7,1,19,29,4596,656.57,4596,1,7,"","",""
4167,"J.A. Turner","Sustainable hydrogen production",2004,"Science","","","https://www.scopus.com/inward/citedby.uri?partnerID=HzOxMe3b&scp=4043112177&origin=inward",5,"2022-12-15 13:34:15","Review","10.1126/science.1103197","0036-8075","https://api.elsevier.com/content/abstract/scopus_id/4043112177",305,5686,972,974,4167,231.50,4167,1,18,"","",""
4018,"D. Tilman","Global food demand and the sustainable intensification of agriculture",2011,"Proceedings of the National Academy of Sciences of the United States of America","","","https://www.scopus.com/inward/citedby.uri?partnerID=HzOxMe3b&scp=84055178582&origin=inward",6,"2022-12-15 13:34:15","Article","10.1073/pnas.1116437108","0027-8424","https://api.elsevier.com/content/abstract/scopus_id/84055178582",108,50,20260,20264,4018,365.27,4018,1,11,"","",""
3549,"S. Seuring","From a literature review to a conceptual framework for sustainable supply chain management",2008,"Journal of Cleaner Production","","https://api.elsevier.com/content/article/eid/1-s2.0-S095965260800111X","https://www.scopus.com/inward/citedby.uri?partnerID=HzOxMe3b&scp=47649115146&origin=inward",7,"2022-12-15 13:34:15","Article","10.1016/j.jclepro.2008.04.020","0959-6526","https://api.elsevier.com/content/abstract/scopus_id/47649115146",16,15,1699,1710,3549,253.50,3549,1,14,"","",""
3511,"R.D. Finn","The Pfam protein families database: Towards a more sustainable future",2016,"Nucleic Acids Research","","","https://www.scopus.com/inward/citedby.uri?partnerID=HzOxMe3b&scp=84976865403&origin=inward",8,"2022-12-15 13:34:15","Article","10.1093/nar/gkv1344","0305-1048","https://api.elsevier.com/content/abstract/scopus_id/84976865403",44,,,,3511,585.17,3511,1,6,"","",""
3225,"W. Willett","Food in the Anthropocene: the EAT–Lancet Commission on healthy diets from sustainable food systems",2019,"The Lancet","","https://api.elsevier.com/content/article/eid/1-s2.0-S0140673618317884","https://www.scopus.com/inward/citedby.uri?partnerID=HzOxMe3b&scp=85060688048&origin=inward",9,"2022-12-15 13:34:15","Review","10.1016/S0140-6736(18)31788-4","0140-6736","https://api.elsevier.com/content/abstract/scopus_id/85060688048",393,10170,447,492,3225,1075.00,3225,1,3,"","",""
2595,"Y. Wang","Polymeric graphitic carbon nitride as a heterogeneous organocatalyst: From photochemistry to multipurpose catalysis to sustainable chemistry",2012,"Angewandte Chemie - International Edition","","","https://www.scopus.com/inward/citedby.uri?partnerID=HzOxMe3b&scp=84855290827&origin=inward",10,"2022-12-15 13:34:15","Review","10.1002/anie.201101182","1433-7851","https://api.elsevier.com/content/abstract/scopus_id/84855290827",51,1,68,89,2595,259.50,2595,1,10,"","",""
2370,"S. Chu","The path towards sustainable energy",2016,"Nature Materials","","","https://www.scopus.com/inward/citedby.uri?partnerID=HzOxMe3b&scp=85006989762&origin=inward",11,"2022-12-15 13:34:15","Review","10.1038/nmat4834","1476-1122","https://api.elsevier.com/content/abstract/scopus_id/85006989762",16,1,16,22,2370,395.00,2370,1,6,"","",""
2221,"D. Cash","Knowledge systems for sustainable development",2003,"Proceedings of the National Academy of Sciences of the United States of America","","","https://www.scopus.com/inward/citedby.uri?partnerID=HzOxMe3b&scp=0037924467&origin=inward",12,"2022-12-15 13:34:15","Article","10.1073/pnas.1231332100","0027-8424","https://api.elsevier.com/content/abstract/scopus_id/0037924467",100,14,8086,8091,2221,116.89,2221,1,19,"","",""
2184,"C.R. Carter","A framework of sustainable supply chain management: Moving toward new theory",2008,"International Journal of Physical Distribution and Logistics Management","","","https://www.scopus.com/inward/citedby.uri?partnerID=HzOxMe3b&scp=45749116539&origin=inward",13,"2022-12-15 13:34:15","Review","10.1108/09600030810882816","0960-0035","https://api.elsevier.com/content/abstract/scopus_id/45749116539",38,5,360,387,2184,156.00,2184,1,14,"","",""
1785,"J. Elkington","Towards the Sustainable Corporation: Win-Win-Win Business Strategies for Sustainable Development",1994,"California Management Review","","","https://www.scopus.com/inward/citedby.uri?partnerID=HzOxMe3b&scp=84968147098&origin=inward",14,"2022-12-15 13:34:15","Article","10.2307/41165746","0008-1256","https://api.elsevier.com/content/abstract/scopus_id/84968147098",36,2,90,100,1785,63.75,1785,1,28,"","",""
1763,"A.K. Mohanty","Sustainable Bio-Composites from renewable resources: Opportunities and challenges in the green materials world",2002,"Journal of Polymers and the Environment","","","https://www.scopus.com/inward/citedby.uri?partnerID=HzOxMe3b&scp=0347472168&origin=inward",15,"2022-12-15 13:34:15","Article","10.1023/A:1021013921916","1566-2543","https://api.elsevier.com/content/abstract/scopus_id/0347472168",10,1,19,26,1763,88.15,1763,1,20,"","",""
1728,"C. Oliver","Sustainable competitive advantage: Combining institutional and resource-based views",1997,"Strategic Management Journal","","","https://www.scopus.com/inward/citedby.uri?partnerID=HzOxMe3b&scp=0000576048&origin=inward",16,"2022-12-15 13:34:15","Article","10.1002/(SICI)1097-0266(199710)18:9<697::AID-SMJ909>3.0.CO;2-C","0143-2095","https://api.elsevier.com/content/abstract/scopus_id/0000576048",18,9,697,713,1728,69.12,1728,1,25,"","",""
1679,"L. Liu","Global, regional, and national causes of under-5 mortality in 2000–15: an updated systematic analysis with implications for the Sustainable Development Goals",2016,"The Lancet","","https://api.elsevier.com/content/article/eid/1-s2.0-S0140673616315938","https://www.scopus.com/inward/citedby.uri?partnerID=HzOxMe3b&scp=85006289227&origin=inward",17,"2022-12-15 13:34:15","Article","10.1016/S0140-6736(16)31593-8","0140-6736","https://api.elsevier.com/content/abstract/scopus_id/85006289227",388,10063,3027,3035,1679,279.83,1679,1,6,"","",""
1655,"N.M.P. Bocken","A literature and practice review to develop sustainable business model archetypes",2014,"Journal of Cleaner Production","","https://api.elsevier.com/content/article/eid/1-s2.0-S0959652613008032","https://www.scopus.com/inward/citedby.uri?partnerID=HzOxMe3b&scp=84893788213&origin=inward",18,"2022-12-15 13:34:15","Review","10.1016/j.jclepro.2013.11.039","0959-6526","https://api.elsevier.com/content/abstract/scopus_id/84893788213",65,,42,56,1655,206.88,1655,1,8,"","",""
1645,"S. Lyubomksky","Pursuing happiness: The architecture of sustainable change",2005,"Review of General Psychology","","","https://www.scopus.com/inward/citedby.uri?partnerID=HzOxMe3b&scp=22144447497&origin=inward",19,"2022-12-15 13:34:15","Review","10.1037/1089-2680.9.2.111","1089-2680","https://api.elsevier.com/content/abstract/scopus_id/22144447497",9,2,111,131,1645,96.76,1645,1,17,"","",""
1571,"D. Griggs","Policy: Sustainable development goals for people and planet",2013,"Nature","","","https://www.scopus.com/inward/citedby.uri?partnerID=HzOxMe3b&scp=84875346108&origin=inward",20,"2022-12-15 13:34:15","Note","10.1038/495305a","0028-0836","https://api.elsevier.com/content/abstract/scopus_id/84875346108",495,7441,305,307,1571,174.56,1571,1,9,"","",""
1566,"C. Folke","Resilience and sustainable development: Building adaptive capacity in a world of transformations",2002,"Ambio","","","https://www.scopus.com/inward/citedby.uri?partnerID=HzOxMe3b&scp=0036671767&origin=inward",21,"2022-12-15 13:34:15","Article","10.1579/0044-7447-31.5.437","0044-7447","https://api.elsevier.com/content/abstract/scopus_id/0036671767",31,5,437,440,1566,78.30,1566,1,20,"","",""
1534,"D. Mohan","Organic and inorganic contaminants removal from water with biochar, a renewable, low cost and sustainable adsorbent - A critical review",2014,"Bioresource Technology","","https://api.elsevier.com/content/article/eid/1-s2.0-S096085241400145X","https://www.scopus.com/inward/citedby.uri?partnerID=HzOxMe3b&scp=84899994793&origin=inward",22,"2022-12-15 13:34:15","Article","10.1016/j.biortech.2014.01.120","0960-8524","https://api.elsevier.com/content/abstract/scopus_id/84899994793",160,,191,202,1534,191.75,1534,1,8,"","",""
1505,"D. Woolf","Sustainable biochar to mitigate global climate change",2010,"Nature Communications","","","https://www.scopus.com/inward/citedby.uri?partnerID=HzOxMe3b&scp=78650160140&origin=inward",23,"2022-12-15 13:34:15","Article","10.1038/ncomms1053","2041-1723","https://api.elsevier.com/content/abstract/scopus_id/78650160140",1,5,,,1505,125.42,1505,1,12,"","",""
1501,"D.M. Gatlin","Expanding the utilization of sustainable plant products in aquafeeds: A review",2007,"Aquaculture Research","","","https://www.scopus.com/inward/citedby.uri?partnerID=HzOxMe3b&scp=34248171231&origin=inward",24,"2022-12-15 13:34:15","Review","10.1111/j.1365-2109.2007.01704.x","1355-557X","https://api.elsevier.com/content/abstract/scopus_id/34248171231",38,6,551,579,1501,100.07,1501,1,15,"","",""
1497,"J. Battilana","Building sustainable hybrid organizations: The case of commercial microfinance organizations",2010,"Academy of Management Journal","","","https://www.scopus.com/inward/citedby.uri?partnerID=HzOxMe3b&scp=77955687685&origin=inward",25,"2022-12-15 13:34:15","Article","10.5465/amj.2010.57318391","0001-4273","https://api.elsevier.com/content/abstract/scopus_id/77955687685",53,6,1419,1440,1497,124.75,1497,1,12,"","",""
1483,"P. Bansal","Evolving sustainably: A longitudinal study of corporate sustainable development",2005,"Strategic Management Journal","","","https://www.scopus.com/inward/citedby.uri?partnerID=HzOxMe3b&scp=13244264874&origin=inward",26,"2022-12-15 13:34:15","Article","10.1002/smj.441","0143-2095","https://api.elsevier.com/content/abstract/scopus_id/13244264874",26,3,197,218,1483,87.24,1483,1,17,"","",""
1482,"F.H. Isikgor","Lignocellulosic biomass: a sustainable platform for the production of bio-based chemicals and polymers",2015,"Polymer Chemistry","","https://api.elsevier.com/content/article/eid/1-s2.0-S1759995422036026","https://www.scopus.com/inward/citedby.uri?partnerID=HzOxMe3b&scp=84931087285&origin=inward",27,"2022-12-15 13:34:15","Article","10.1039/c5py00263j","1759-9954","https://api.elsevier.com/content/abstract/scopus_id/84931087285",6,25,4497,4559,1482,211.71,1482,1,7,"","",""
1463,"J.J. Wang","Review on multi-criteria decision analysis aid in sustainable energy decision-making",2009,"Renewable and Sustainable Energy Reviews","","https://api.elsevier.com/content/article/eid/1-s2.0-S1364032109001166","https://www.scopus.com/inward/citedby.uri?partnerID=HzOxMe3b&scp=68849118189&origin=inward",28,"2022-12-15 13:34:15","Review","10.1016/j.rser.2009.06.021","1364-0321","https://api.elsevier.com/content/abstract/scopus_id/68849118189",13,9,2263,2278,1463,112.54,1463,1,13,"","",""
1439,"C. Song","Global challenges and strategies for control, conversion and utilization of CO<inf>2</inf> for sustainable development involving energy, catalysis, adsorption and chemical processing",2006,"Catalysis Today","","https://api.elsevier.com/content/article/eid/1-s2.0-S0920586106000757","https://www.scopus.com/inward/citedby.uri?partnerID=HzOxMe3b&scp=33744823847&origin=inward",29,"2022-12-15 13:34:15","Article","10.1016/j.cattod.2006.02.029","0920-5861","https://api.elsevier.com/content/abstract/scopus_id/33744823847",115,1,2,32,1439,89.94,1439,1,16,"","",""
1424,"H. Lund","4th Generation District Heating (4GDH). Integrating smart thermal grids into future sustainable energy systems.",2014,"Energy","","https://api.elsevier.com/content/article/eid/1-s2.0-S0360544214002369","https://www.scopus.com/inward/citedby.uri?partnerID=HzOxMe3b&scp=84898028389&origin=inward",30,"2022-12-15 13:34:15","Review","10.1016/j.energy.2014.02.089","0360-5442","https://api.elsevier.com/content/abstract/scopus_id/84898028389",68,,1,11,1424,178.00,1424,1,8,"","",""
1403,"A. Chiesura","The role of urban parks for the sustainable city",2004,"Landscape and Urban Planning","","https://api.elsevier.com/content/article/eid/1-s2.0-S0169204603001865","https://www.scopus.com/inward/citedby.uri?partnerID=HzOxMe3b&scp=1642365872&origin=inward",31,"2022-12-15 13:34:15","Article","10.1016/j.landurbplan.2003.08.003","0169-2046","https://api.elsevier.com/content/abstract/scopus_id/1642365872",68,1,129,138,1403,77.94,1403,1,18,"","",""
1372,"R.A. Sheldon","Green solvents for sustainable organic synthesis: State of the art",2005,"Green Chemistry","","","https://www.scopus.com/inward/citedby.uri?partnerID=HzOxMe3b&scp=19744366251&origin=inward",32,"2022-12-15 13:34:15","Conference Paper","10.1039/b418069k","1463-9262","https://api.elsevier.com/content/abstract/scopus_id/19744366251",7,5,267,278,1372,80.71,1372,1,17,"","",""
1362,"I. Vermeir","Sustainable food consumption: Exploring the consumer ""attitude - Behavioral intention"" gap",2006,"Journal of Agricultural and Environmental Ethics","","","https://www.scopus.com/inward/citedby.uri?partnerID=HzOxMe3b&scp=33645547277&origin=inward",33,"2022-12-15 13:34:15","Article","10.1007/s10806-005-5485-3","1187-7863","https://api.elsevier.com/content/abstract/scopus_id/33645547277",19,2,169,194,1362,85.13,1362,1,16,"","",""
1361,"I. Dincer","Renewable energy and sustainable development: A crucial review",2000,"Renewable &amp; sustainable energy reviews","","https://api.elsevier.com/content/article/eid/1-s2.0-S1364032199000118","https://www.scopus.com/inward/citedby.uri?partnerID=HzOxMe3b&scp=0034209857&origin=inward",34,"2022-12-15 13:34:15","Article","10.1016/S1364-0321(99)00011-8","1364-0321","https://api.elsevier.com/content/abstract/scopus_id/0034209857",4,2,157,175,1361,61.86,1361,1,22,"","",""
1352,"D. Pant","A review of the substrates used in microbial fuel cells (MFCs) for sustainable energy production",2010,"Bioresource Technology","","https://api.elsevier.com/content/article/eid/1-s2.0-S0960852409013595","https://www.scopus.com/inward/citedby.uri?partnerID=HzOxMe3b&scp=74549151753&origin=inward",35,"2022-12-15 13:34:15","Review","10.1016/j.biortech.2009.10.017","0960-8524","https://api.elsevier.com/content/abstract/scopus_id/74549151753",101,6,1533,1543,1352,112.67,1352,1,12,"","",""
1349,"Y. Zhu","Sustainable polymers from renewable resources",2016,"Nature","","","https://www.scopus.com/inward/citedby.uri?partnerID=HzOxMe3b&scp=85016152239&origin=inward",36,"2022-12-15 13:34:15","Review","10.1038/nature21001","0028-0836","https://api.elsevier.com/content/abstract/scopus_id/85016152239",540,7633,354,362,1349,224.83,1349,1,6,"","",""
1332,"S.D. Pohekar","Application of multi-criteria decision making to sustainable energy planning - A review",2004,"Renewable and Sustainable Energy Reviews","","https://api.elsevier.com/content/article/eid/1-s2.0-S1364032104000073","https://www.scopus.com/inward/citedby.uri?partnerID=HzOxMe3b&scp=1542274590&origin=inward",37,"2022-12-15 13:34:15","Review","10.1016/j.rser.2003.12.007","1364-0321","https://api.elsevier.com/content/abstract/scopus_id/1542274590",8,4,365,381,1332,74.00,1332,1,18,"","",""
1325,"D. Banister","The sustainable mobility paradigm",2008,"Transport Policy","","https://api.elsevier.com/content/article/eid/1-s2.0-S0967070X07000820","https://www.scopus.com/inward/citedby.uri?partnerID=HzOxMe3b&scp=38849147832&origin=inward",38,"2022-12-15 13:34:15","Article","10.1016/j.tranpol.2007.10.005","0967-070X","https://api.elsevier.com/content/abstract/scopus_id/38849147832",15,2,73,80,1325,94.64,1325,1,14,"","",""
1310,"A. Smith","The governance of sustainable socio-technical transitions",2005,"Research Policy","","https://api.elsevier.com/content/article/eid/1-s2.0-S0048733305001721","https://www.scopus.com/inward/citedby.uri?partnerID=HzOxMe3b&scp=28044457458&origin=inward",39,"2022-12-15 13:34:15","Article","10.1016/j.respol.2005.07.005","0048-7333","https://api.elsevier.com/content/abstract/scopus_id/28044457458",34,10,1491,1510,1310,77.06,1310,1,17,"","",""
1259,"F.J.J.A. Bianchi","Sustainable pest regulation in agricultural landscapes: A review on landscape composition, biodiversity and natural pest control",2006,"Proceedings of the Royal Society B: Biological Sciences","","","https://www.scopus.com/inward/citedby.uri?partnerID=HzOxMe3b&scp=33747409829&origin=inward",40,"2022-12-15 13:34:15","Review","10.1098/rspb.2006.3530","0962-8452","https://api.elsevier.com/content/abstract/scopus_id/33747409829",273,1595,1715,1727,1259,78.69,1259,1,16,"","",""
1216,"P.R. Kleindorfer","Sustainable operations management",2005,"Production and Operations Management","","","https://www.scopus.com/inward/citedby.uri?partnerID=HzOxMe3b&scp=33646097677&origin=inward",41,"2022-12-15 13:34:15","Review","10.1111/j.1937-5956.2005.tb00235.x","1059-1478","https://api.elsevier.com/content/abstract/scopus_id/33646097677",14,4,482,492,1216,71.53,1216,1,17,"","",""
1201,"J.F. Nicol","Adaptive thermal comfort and sustainable thermal standards for buildings",2002,"Energy and Buildings","","https://api.elsevier.com/content/article/eid/1-s2.0-S0378778802000063","https://www.scopus.com/inward/citedby.uri?partnerID=HzOxMe3b&scp=0036642936&origin=inward",42,"2022-12-15 13:34:15","Conference Paper","10.1016/S0378-7788(02)00006-3","0378-7788","https://api.elsevier.com/content/abstract/scopus_id/0036642936",34,6,563,572,1201,60.05,1201,1,20,"","",""
1198,"R. Baños","Optimization methods applied to renewable and sustainable energy: A review",2011,"Renewable and Sustainable Energy Reviews","","https://api.elsevier.com/content/article/eid/1-s2.0-S1364032110004430","https://www.scopus.com/inward/citedby.uri?partnerID=HzOxMe3b&scp=79751534296&origin=inward",43,"2022-12-15 13:34:15","Review","10.1016/j.rser.2010.12.008","1364-0321","https://api.elsevier.com/content/abstract/scopus_id/79751534296",15,4,1753,1766,1198,108.91,1198,1,11,"","",""
1197,"A. Agrawal","Common property institutions and sustainable governance of resources",2001,"World Development","","https://api.elsevier.com/content/article/eid/1-s2.0-S0305750X01000638","https://www.scopus.com/inward/citedby.uri?partnerID=HzOxMe3b&scp=0034831149&origin=inward",44,"2022-12-15 13:34:15","Article","10.1016/S0305-750X(01)00063-8","0305-750X","https://api.elsevier.com/content/abstract/scopus_id/0034831149",29,10,1649,1672,1197,57.00,1197,1,21,"","",""
1157,"F. Boons","Business models for sustainable innovation: State-of-the-art and steps towards a research agenda",2013,"Journal of Cleaner Production","","https://api.elsevier.com/content/article/eid/1-s2.0-S0959652612003459","https://www.scopus.com/inward/citedby.uri?partnerID=HzOxMe3b&scp=84879420033&origin=inward",45,"2022-12-15 13:34:15","Article","10.1016/j.jclepro.2012.07.007","0959-6526","https://api.elsevier.com/content/abstract/scopus_id/84879420033",45,,9,19,1157,128.56,1157,1,9,"","",""
1151,"J.D. Linton","Sustainable supply chains: An introduction",2007,"Journal of Operations Management","","https://api.elsevier.com/content/article/eid/1-s2.0-S0272696307000149","https://www.scopus.com/inward/citedby.uri?partnerID=HzOxMe3b&scp=34548706528&origin=inward",46,"2022-12-15 13:34:15","Article","10.1016/j.jom.2007.01.012","0272-6963","https://api.elsevier.com/content/abstract/scopus_id/34548706528",25,6,1075,1082,1151,76.73,1151,1,15,"","",""
1149,"B. Hopwood","Sustainable development: Mapping different approaches",2005,"Sustainable Development","","","https://www.scopus.com/inward/citedby.uri?partnerID=HzOxMe3b&scp=14344252372&origin=inward",47,"2022-12-15 13:34:15","Article","10.1002/sd.244","0968-0802","https://api.elsevier.com/content/abstract/scopus_id/14344252372",13,1,38,52,1149,67.59,1149,1,17,"","",""
1146,"B. Lehner","High-resolution mapping of the world's reservoirs and dams for sustainable river-flow management",2011,"Frontiers in Ecology and the Environment","","","https://www.scopus.com/inward/citedby.uri?partnerID=HzOxMe3b&scp=79952458749&origin=inward",48,"2022-12-15 13:34:15","Review","10.1890/100125","1540-9295","https://api.elsevier.com/content/abstract/scopus_id/79952458749",9,9,494,502,1146,104.18,1146,1,11,"","",""
1143,"X. Zhang","Managing nitrogen for sustainable development",2015,"Nature","","","https://www.scopus.com/inward/citedby.uri?partnerID=HzOxMe3b&scp=84949193521&origin=inward",49,"2022-12-15 13:34:15","Review","10.1038/nature15743","0028-0836","https://api.elsevier.com/content/abstract/scopus_id/84949193521",528,7580,51,59,1143,163.29,1143,1,7,"","",""
1127,"H.P.S. Abdul Khalil","Green composites from sustainable cellulose nanofibrils: A review",2012,"Carbohydrate Polymers","","https://api.elsevier.com/content/article/eid/1-s2.0-S0144861711007624","https://www.scopus.com/inward/citedby.uri?partnerID=HzOxMe3b&scp=81255141971&origin=inward",50,"2022-12-15 13:34:15","Review","10.1016/j.carbpol.2011.08.078","0144-8617","https://api.elsevier.com/content/abstract/scopus_id/81255141971",87,2,963,979,1127,112.70,1127,1,10,"","",""
1109,"S. Dunn","Hydrogen futures: Toward a sustainable energy system",2002,"International Journal of Hydrogen Energy","","https://api.elsevier.com/content/article/eid/1-s2.0-S0360319901001318","https://www.scopus.com/inward/citedby.uri?partnerID=HzOxMe3b&scp=0036489148&origin=inward",51,"2022-12-15 13:34:15","Article","10.1016/S0360-3199(01)00131-8","0360-3199","https://api.elsevier.com/content/abstract/scopus_id/0036489148",27,3,235,264,1109,55.45,1109,1,20,"","",""
1103,"R.A. Sheldon","Green and sustainable manufacture of chemicals from biomass: State of the art",2014,"Green Chemistry","","","https://www.scopus.com/inward/citedby.uri?partnerID=HzOxMe3b&scp=84894639711&origin=inward",52,"2022-12-15 13:34:15","Review","10.1039/c3gc41935e","1463-9262","https://api.elsevier.com/content/abstract/scopus_id/84894639711",16,3,950,963,1103,137.88,1103,1,8,"","",""
1095,"S.E. Hosseini","Hydrogen production from renewable and sustainable energy resources: Promising green energy carrier for clean development",2016,"Renewable and Sustainable Energy Reviews","","https://api.elsevier.com/content/article/eid/1-s2.0-S1364032115014951","https://www.scopus.com/inward/citedby.uri?partnerID=HzOxMe3b&scp=84953791386&origin=inward",53,"2022-12-15 13:34:15","Review","10.1016/j.rser.2015.12.112","1364-0321","https://api.elsevier.com/content/abstract/scopus_id/84953791386",57,,850,866,1095,182.50,1095,1,6,"","",""
1095,"J. Pittman","The potential of sustainable algal biofuel production using wastewater resources",2011,"Bioresource Technology","","https://api.elsevier.com/content/article/eid/1-s2.0-S0960852410010163","https://www.scopus.com/inward/citedby.uri?partnerID=HzOxMe3b&scp=77957355680&origin=inward",54,"2022-12-15 13:34:15","Article","10.1016/j.biortech.2010.06.035","0960-8524","https://api.elsevier.com/content/abstract/scopus_id/77957355680",102,1,17,25,1095,99.55,1095,1,11,"","",""
1093,"J. Artz","Sustainable Conversion of Carbon Dioxide: An Integrated Review of Catalysis and Life Cycle Assessment",2018,"Chemical Reviews","","","https://www.scopus.com/inward/citedby.uri?partnerID=HzOxMe3b&scp=85041353494&origin=inward",55,"2022-12-15 13:34:15","Review","10.1021/acs.chemrev.7b00435","0009-2665","https://api.elsevier.com/content/abstract/scopus_id/85041353494",118,2,434,504,1093,273.25,1093,1,4,"","",""
1088,"J. Schot","Strategic niche management and sustainable innovation journeys: Theory, findings, research agenda, and policy",2008,"Technology Analysis and Strategic Management","","","https://www.scopus.com/inward/citedby.uri?partnerID=HzOxMe3b&scp=51249111926&origin=inward",56,"2022-12-15 13:34:15","Article","10.1080/09537320802292651","0953-7325","https://api.elsevier.com/content/abstract/scopus_id/51249111926",20,5,537,554,1088,77.71,1088,1,14,"","",""
1085,"C. Song","Fuel processing for low-temperature and high-temperature fuel cells: Challenges, and opportunities for sustainable development in the 21st century",2002,"Catalysis Today","","https://api.elsevier.com/content/article/eid/1-s2.0-S0920586102002316","https://www.scopus.com/inward/citedby.uri?partnerID=HzOxMe3b&scp=0036882635&origin=inward",57,"2022-12-15 13:34:15","Conference Paper","10.1016/S0920-5861(02)00231-6","0920-5861","https://api.elsevier.com/content/abstract/scopus_id/0036882635",77,1,17,49,1085,54.25,1085,1,20,"","",""
1075,"S.M. Lélé","Sustainable development: A critical review",1991,"World Development","","https://api.elsevier.com/content/article/eid/1-s2.0-0305750X9190197P","https://www.scopus.com/inward/citedby.uri?partnerID=HzOxMe3b&scp=0026324864&origin=inward",58,"2022-12-15 13:34:15","Article","10.1016/0305-750X(91)90197-P","0305-750X","https://api.elsevier.com/content/abstract/scopus_id/0026324864",19,6,607,621,1075,34.68,1075,1,31,"","",""
1070,"S. Saberi","Blockchain technology and its relationships to sustainable supply chain management",2019,"International Journal of Production Research","","","https://www.scopus.com/inward/citedby.uri?partnerID=HzOxMe3b&scp=85055168966&origin=inward",59,"2022-12-15 13:34:15","Article","10.1080/00207543.2018.1533261","0020-7543","https://api.elsevier.com/content/abstract/scopus_id/85055168966",57,7,2117,2135,1070,356.67,1070,1,3,"","",""
1066,"R. Hall","A framework linking intangible resources and capabiliites to sustainable competitive advantage",1993,"Strategic Management Journal","","","https://www.scopus.com/inward/citedby.uri?partnerID=HzOxMe3b&scp=84989103838&origin=inward",60,"2022-12-15 13:34:15","Article","10.1002/smj.4250140804","0143-2095","https://api.elsevier.com/content/abstract/scopus_id/84989103838",14,8,607,618,1066,36.76,1066,1,29,"","",""
1064,"A. Omer","Energy, environment and sustainable development",2008,"Renewable and Sustainable Energy Reviews","","https://api.elsevier.com/content/article/eid/1-s2.0-S1364032107000834","https://www.scopus.com/inward/citedby.uri?partnerID=HzOxMe3b&scp=51149095770&origin=inward",61,"2022-12-15 13:34:15","Review","10.1016/j.rser.2007.05.001","1364-0321","https://api.elsevier.com/content/abstract/scopus_id/51149095770",12,9,2265,2300,1064,76.00,1064,1,14,"","",""
1059,"Y. Zheng","Graphitic Carbon Nitride Polymers toward Sustainable Photoredox Catalysis",2015,"Angewandte Chemie - International Edition","","","https://www.scopus.com/inward/citedby.uri?partnerID=HzOxMe3b&scp=84944790416&origin=inward",62,"2022-12-15 13:34:15","Article","10.1002/anie.201501788","1433-7851","https://api.elsevier.com/content/abstract/scopus_id/84944790416",54,44,12868,12884,1059,151.29,1059,1,7,"","",""
1057,"M. Pagell","Building a more complete theory of sustainable supply chain management using case studies of 10 exemplars",2009,"Journal of Supply Chain Management","","","https://www.scopus.com/inward/citedby.uri?partnerID=HzOxMe3b&scp=63349084873&origin=inward",63,"2022-12-15 13:34:15","Article","10.1111/j.1745-493X.2009.03162.x","1523-2409","https://api.elsevier.com/content/abstract/scopus_id/63349084873",45,2,37,56,1057,81.31,1057,1,13,"","",""
1051,"B. Logan","Membrane-based processes for sustainable power generation using water",2012,"Nature","","","https://www.scopus.com/inward/citedby.uri?partnerID=HzOxMe3b&scp=84865125058&origin=inward",64,"2022-12-15 13:34:15","Review","10.1038/nature11477","0028-0836","https://api.elsevier.com/content/abstract/scopus_id/84865125058",488,7411,313,319,1051,105.10,1051,1,10,"","",""
1046,"S. Enthaler","Sustainable metal catalysis with iron: From rust to a rising star?",2008,"Angewandte Chemie - International Edition","","","https://www.scopus.com/inward/citedby.uri?partnerID=HzOxMe3b&scp=50049109778&origin=inward",65,"2022-12-15 13:34:15","Review","10.1002/anie.200800012","1433-7851","https://api.elsevier.com/content/abstract/scopus_id/50049109778",47,18,3317,3321,1046,74.71,1046,1,14,"","",""
1039,"T. Garnett","Sustainable intensification in agriculture: Premises and policies",2013,"Science","","","https://www.scopus.com/inward/citedby.uri?partnerID=HzOxMe3b&scp=84879764232&origin=inward",66,"2022-12-15 13:34:15","Short Survey","10.1126/science.1234485","0036-8075","https://api.elsevier.com/content/abstract/scopus_id/84879764232",341,6141,33,34,1039,115.44,1039,1,9,"","",""
1034,"Z. Song","Towards sustainable and versatile energy storage devices: An overview of organic electrode materials",2013,"Energy and Environmental Science","","","https://www.scopus.com/inward/citedby.uri?partnerID=HzOxMe3b&scp=84882700742&origin=inward",67,"2022-12-15 13:34:15","Review","10.1039/c3ee40709h","1754-5692","https://api.elsevier.com/content/abstract/scopus_id/84882700742",6,8,2280,2301,1034,114.89,1034,1,9,"","",""
1032,"S. Campbell","Green Cities, Growing Cities, Just Cities?: Urban planning and the contradictions of sustainable development",1996,"Journal of the American Planning Association","","","https://www.scopus.com/inward/citedby.uri?partnerID=HzOxMe3b&scp=0030435495&origin=inward",68,"2022-12-15 13:34:15","Article","10.1080/01944369608975696","0194-4363","https://api.elsevier.com/content/abstract/scopus_id/0030435495",62,3,296,312,1032,39.69,1032,1,26,"","",""
1025,"M.B. Gawande","Nano-magnetite (Fe<inf>3</inf>O<inf>4</inf>) as a support for recyclable catalysts in the development of sustainable methodologies",2013,"Chemical Society Reviews","","","https://www.scopus.com/inward/citedby.uri?partnerID=HzOxMe3b&scp=84876950303&origin=inward",69,"2022-12-15 13:34:15","Article","10.1039/c3cs35480f","0306-0012","https://api.elsevier.com/content/abstract/scopus_id/84876950303",42,8,3371,3393,1025,113.89,1025,1,9,"","",""
1023,"I. Katsounaros","Oxygen electrochemistry as a cornerstone for sustainable energy conversion",2014,"Angewandte Chemie - International Edition","","","https://www.scopus.com/inward/citedby.uri?partnerID=HzOxMe3b&scp=84890902423&origin=inward",70,"2022-12-15 13:34:15","Review","10.1002/anie.201306588","1433-7851","https://api.elsevier.com/content/abstract/scopus_id/84890902423",53,1,102,121,1023,127.88,1023,1,8,"","",""
1014,"C. Masclaux-Daubresse","Nitrogen uptake, assimilation and remobilization in plants: Challenges for sustainable and productive agriculture",2010,"Annals of Botany","","","https://www.scopus.com/inward/citedby.uri?partnerID=HzOxMe3b&scp=77952990214&origin=inward",71,"2022-12-15 13:34:15","Review","10.1093/aob/mcq028","0305-7364","https://api.elsevier.com/content/abstract/scopus_id/77952990214",105,7,1141,1157,1014,84.50,1014,1,12,"","",""
1004,"T. Stock","Opportunities of Sustainable Manufacturing in Industry 4.0",2016,"Procedia CIRP","","https://api.elsevier.com/content/article/eid/1-s2.0-S221282711600144X","https://www.scopus.com/inward/citedby.uri?partnerID=HzOxMe3b&scp=84966671373&origin=inward",72,"2022-12-15 13:34:15","Conference Paper","10.1016/j.procir.2016.01.129","2212-8271","https://api.elsevier.com/content/abstract/scopus_id/84966671373",40,,536,541,1004,167.33,1004,1,6,"","",""
1001,"J. Goldemberg","Ethanol for a sustainable energy future",2007,"Science","","","https://www.scopus.com/inward/citedby.uri?partnerID=HzOxMe3b&scp=33846980741&origin=inward",73,"2022-12-15 13:34:15","Short Survey","10.1126/science.1137013","0036-8075","https://api.elsevier.com/content/abstract/scopus_id/33846980741",315,5813,808,810,1001,66.73,1001,1,15,"","",""
1000,"G. Seyfang","Grassroots innovations for sustainable development: Towards a new research and policy agenda",2007,"Environmental Politics","","","https://www.scopus.com/inward/citedby.uri?partnerID=HzOxMe3b&scp=34547565968&origin=inward",74,"2022-12-15 13:34:15","Article","10.1080/09644010701419121","0964-4016","https://api.elsevier.com/content/abstract/scopus_id/34547565968",16,4,584,603,1000,66.67,1000,1,15,"","",""
995,"J. Lora","Recent industrial applications of lignin: A sustainable alternative to nonrenewable materials",2002,"Journal of Polymers and the Environment","","","https://www.scopus.com/inward/citedby.uri?partnerID=HzOxMe3b&scp=0346883083&origin=inward",75,"2022-12-15 13:34:15","Article","10.1023/A:1021070006895","1566-2543","https://api.elsevier.com/content/abstract/scopus_id/0346883083",10,1,39,48,995,49.75,995,1,20,"","",""
987,"S.L. Hart","Creating sustainable value",2003,"Academy of Management Executive","","","https://www.scopus.com/inward/citedby.uri?partnerID=HzOxMe3b&scp=0038269808&origin=inward",76,"2022-12-15 13:34:15","Review","10.5465/ame.2003.10025194","1079-5545","https://api.elsevier.com/content/abstract/scopus_id/0038269808",17,2,56,69,987,51.95,987,1,19,"","",""
978,"D. Stern","Economic growth and environmental degradation: The environmental Kuznets curve and sustainable development",1996,"World Development","","https://api.elsevier.com/content/article/eid/1-s2.0-0305750X96000320","https://www.scopus.com/inward/citedby.uri?partnerID=HzOxMe3b&scp=0030423956&origin=inward",77,"2022-12-15 13:34:15","Article","10.1016/0305-750X(96)00032-0","0305-750X","https://api.elsevier.com/content/abstract/scopus_id/0030423956",24,7,1151,1160,978,37.62,978,1,26,"","",""
977,"H. Lund","Renewable energy strategies for sustainable development",2007,"Energy","","https://api.elsevier.com/content/article/eid/1-s2.0-S036054420600301X","https://www.scopus.com/inward/citedby.uri?partnerID=HzOxMe3b&scp=33847162171&origin=inward",78,"2022-12-15 13:34:15","Article","10.1016/j.energy.2006.10.017","0360-5442","https://api.elsevier.com/content/abstract/scopus_id/33847162171",32,6,912,919,977,65.13,977,1,15,"","",""
970,"I. Dincer","Exergy: Energy, Environment and Sustainable Development",2020,"Exergy: Energy, Environment and Sustainable Development","","https://api.elsevier.com/content/article/eid/3-s2.0-B9780128243725099863","https://www.scopus.com/inward/citedby.uri?partnerID=HzOxMe3b&scp=85126418090&origin=inward",79,"2022-12-15 13:34:15","Book","10.1016/B978-0-12-824372-5.09986-3","","https://api.elsevier.com/content/abstract/scopus_id/85126418090",,,1,703,970,485.00,970,1,2,"","",""
969,"S. Hasnain","Review on sustainable thermal energy storage technologies, part I: Heat storage materials and techniques",1998,"Energy Conversion and Management","","https://api.elsevier.com/content/article/eid/1-s2.0-S0196890498000259","https://www.scopus.com/inward/citedby.uri?partnerID=HzOxMe3b&scp=0032136895&origin=inward",80,"2022-12-15 13:34:15","Article","10.1016/S0196-8904(98)00025-9","0196-8904","https://api.elsevier.com/content/abstract/scopus_id/0032136895",39,11,1127,1138,969,40.38,969,1,24,"","",""
964,"S.B. Sharma","Phosphate solubilizing microbes: Sustainable approach for managing phosphorus deficiency in agricultural soils",2013,"SpringerPlus","","","https://www.scopus.com/inward/citedby.uri?partnerID=HzOxMe3b&scp=84887302575&origin=inward",81,"2022-12-15 13:34:15","Review","10.1186/2193-1801-2-587","2193-1801","https://api.elsevier.com/content/abstract/scopus_id/84887302575",2,1,,,964,107.11,964,1,9,"","",""
963,"M.E. Kruk","High-quality health systems in the Sustainable Development Goals era: time for a revolution",2018,"The Lancet Global Health","","https://api.elsevier.com/content/article/eid/1-s2.0-S2214109X18303863","https://www.scopus.com/inward/citedby.uri?partnerID=HzOxMe3b&scp=85054714527&origin=inward",82,"2022-12-15 13:34:15","Review","10.1016/S2214-109X(18)30386-3","2214-109X","https://api.elsevier.com/content/abstract/scopus_id/85054714527",6,11,,,963,240.75,963,1,4,"","",""
962,"R. COSTANZA","Natural Capital and Sustainable Development",1992,"Conservation Biology","","","https://www.scopus.com/inward/citedby.uri?partnerID=HzOxMe3b&scp=0026591977&origin=inward",83,"2022-12-15 13:34:15","Article","10.1046/j.1523-1739.1992.610037.x","0888-8892","https://api.elsevier.com/content/abstract/scopus_id/0026591977",6,1,37,46,962,32.07,962,1,30,"","",""
961,"C.R. Carter","Sustainable supply chain management: Evolution and future directions",2011,"International Journal of Physical Distribution and Logistics Management","","","https://www.scopus.com/inward/citedby.uri?partnerID=HzOxMe3b&scp=78751668738&origin=inward",84,"2022-12-15 13:34:15","Review","10.1108/09600031111101420","0960-0035","https://api.elsevier.com/content/abstract/scopus_id/78751668738",41,1,46,62,961,87.36,961,1,11,"","",""
953,"J.D. Sachs","From millennium development goals to sustainable development goals",2012,"The Lancet","","https://api.elsevier.com/content/article/eid/1-s2.0-S0140673612606850","https://www.scopus.com/inward/citedby.uri?partnerID=HzOxMe3b&scp=84861923078&origin=inward",85,"2022-12-15 13:34:15","Note","10.1016/S0140-6736(12)60685-0","0140-6736","https://api.elsevier.com/content/abstract/scopus_id/84861923078",379,9832,2206,2211,953,95.30,953,1,10,"","",""
948,"D.F. Sanders","Energy-efficient polymeric gas separation membranes for a sustainable future: A review",2013,"Polymer","","https://api.elsevier.com/content/article/eid/1-s2.0-S0032386113005399","https://www.scopus.com/inward/citedby.uri?partnerID=HzOxMe3b&scp=84881559362&origin=inward",86,"2022-12-15 13:34:15","Review","10.1016/j.polymer.2013.05.075","0032-3861","https://api.elsevier.com/content/abstract/scopus_id/84881559362",54,18,4729,4761,948,105.33,948,1,9,"","",""
924,"T. Quill","Generalist plus specialist palliative care - Creating a more sustainable model",2013,"New England Journal of Medicine","","https://api.elsevier.com/content/article/eid/1-s2.0-S0028479313604864","https://www.scopus.com/inward/citedby.uri?partnerID=HzOxMe3b&scp=84875539359&origin=inward",87,"2022-12-15 13:34:15","Article","10.1056/NEJMp1215620","0028-4793","https://api.elsevier.com/content/abstract/scopus_id/84875539359",368,13,1173,1175,924,102.67,924,1,9,"","",""
921,"D.W. Vorhies","Benchmarking marketing capabilities for sustainable competitive advantage",2005,"Journal of Marketing","","","https://www.scopus.com/inward/citedby.uri?partnerID=HzOxMe3b&scp=13244265637&origin=inward",88,"2022-12-15 13:34:15","Review","10.1509/jmkg.69.1.80.55505","0022-2429","https://api.elsevier.com/content/abstract/scopus_id/13244265637",69,1,80,94,921,54.18,921,1,17,"","",""
920,"M. Schneider","Sustainable cement production-present and future",2011,"Cement and Concrete Research","","https://api.elsevier.com/content/article/eid/1-s2.0-S0008884611000950","https://www.scopus.com/inward/citedby.uri?partnerID=HzOxMe3b&scp=79956085500&origin=inward",89,"2022-12-15 13:34:15","Review","10.1016/j.cemconres.2011.03.019","0008-8846","https://api.elsevier.com/content/abstract/scopus_id/79956085500",41,7,642,650,920,83.64,920,1,11,"","",""
911,"G.A. Olah","Anthropogenic chemical carbon cycle for a sustainable future",2011,"Journal of the American Chemical Society","","","https://www.scopus.com/inward/citedby.uri?partnerID=HzOxMe3b&scp=80051720417&origin=inward",90,"2022-12-15 13:34:15","Article","10.1021/ja202642y","0002-7863","https://api.elsevier.com/content/abstract/scopus_id/80051720417",133,33,12881,12898,911,82.82,911,1,11,"","",""
905,"J.N. Pretty","Participatory learning for sustainable agriculture",1995,"World Development","","https://api.elsevier.com/content/article/eid/1-s2.0-0305750X9500046F","https://www.scopus.com/inward/citedby.uri?partnerID=HzOxMe3b&scp=0029485778&origin=inward",91,"2022-12-15 13:34:15","Article","10.1016/0305-750X(95)00046-F","0305-750X","https://api.elsevier.com/content/abstract/scopus_id/0029485778",23,8,1247,1263,905,33.52,905,1,27,"","",""
903,"M.M. Titirici","Chemistry and materials options of sustainable carbon materials made by hydrothermal carbonization",2010,"Chemical Society Reviews","","","https://www.scopus.com/inward/citedby.uri?partnerID=HzOxMe3b&scp=77953661107&origin=inward",92,"2022-12-15 13:34:15","Article","10.1039/b819318p","0306-0012","https://api.elsevier.com/content/abstract/scopus_id/77953661107",39,1,103,116,903,75.25,903,1,12,"","",""
901,"W.J. Liu","Development of Biochar-Based Functional Materials: Toward a Sustainable Platform Carbon Material",2015,"Chemical Reviews","","","https://www.scopus.com/inward/citedby.uri?partnerID=HzOxMe3b&scp=84948704465&origin=inward",93,"2022-12-15 13:34:15","Review","10.1021/acs.chemrev.5b00195","0009-2665","https://api.elsevier.com/content/abstract/scopus_id/84948704465",115,22,12251,12285,901,128.71,901,1,7,"","",""
896,"H.M. Torres Galvis","Supported iron nanoparticles as catalysts for sustainable production of lower olefins",2012,"Science","","","https://www.scopus.com/inward/citedby.uri?partnerID=HzOxMe3b&scp=84857314114&origin=inward",94,"2022-12-15 13:34:15","Article","10.1126/science.1215614","0036-8075","https://api.elsevier.com/content/abstract/scopus_id/84857314114",335,6070,835,838,896,89.60,896,1,10,"","",""
888,"C.J. Clarke","Green and Sustainable Solvents in Chemical Processes",2018,"Chemical Reviews","","","https://www.scopus.com/inward/citedby.uri?partnerID=HzOxMe3b&scp=85041102253&origin=inward",95,"2022-12-15 13:34:15","Article","10.1021/acs.chemrev.7b00571","0009-2665","https://api.elsevier.com/content/abstract/scopus_id/85041102253",118,2,747,800,888,222.00,888,1,4,"","",""
888,"X. Feng","Revegetation in China's Loess Plateau is approaching sustainable water resource limits",2016,"Nature Climate Change","","","https://www.scopus.com/inward/citedby.uri?partnerID=HzOxMe3b&scp=84992666000&origin=inward",96,"2022-12-15 13:34:15","Article","10.1038/nclimate3092","1758-678X","https://api.elsevier.com/content/abstract/scopus_id/84992666000",6,11,1019,1022,888,148.00,888,1,6,"","",""
882,"D. Tilman","Global environmental impacts of agricultural expansion: The need for sustainable and efficient practices",1999,"Proceedings of the National Academy of Sciences of the United States of America","","","https://www.scopus.com/inward/citedby.uri?partnerID=HzOxMe3b&scp=0033052530&origin=inward",97,"2022-12-15 13:34:15","Article","10.1073/pnas.96.11.5995","0027-8424","https://api.elsevier.com/content/abstract/scopus_id/0033052530",96,11,5995,6000,882,38.35,882,1,23,"","",""
879,"R.W. Kates","What is sustainable development? Goals, indicators, values, and practice",2005,"Environment","","","https://www.scopus.com/inward/citedby.uri?partnerID=HzOxMe3b&scp=15244345818&origin=inward",98,"2022-12-15 13:34:15","Article","10.1080/00139157.2005.10524444","0013-9157","https://api.elsevier.com/content/abstract/scopus_id/15244345818",47,3,8,21,879,51.71,879,1,17,"","",""
876,"D. Loorbach","Transition management for sustainable development: A prescriptive, complexity-based governance framework",2010,"Governance","","","https://www.scopus.com/inward/citedby.uri?partnerID=HzOxMe3b&scp=73449132927&origin=inward",99,"2022-12-15 13:34:15","Article","10.1111/j.1468-0491.2009.01471.x","0952-1895","https://api.elsevier.com/content/abstract/scopus_id/73449132927",23,1,161,183,876,73.00,876,1,12,"","",""
872,"B. Sialve","Anaerobic digestion of microalgae as a necessary step to make microalgal biodiesel sustainable",2009,"Biotechnology Advances","","https://api.elsevier.com/content/article/eid/1-s2.0-S0734975009000457","https://www.scopus.com/inward/citedby.uri?partnerID=HzOxMe3b&scp=67349139887&origin=inward",100,"2022-12-15 13:34:15","Review","10.1016/j.biotechadv.2009.03.001","0734-9750","https://api.elsevier.com/content/abstract/scopus_id/67349139887",27,4,409,416,872,67.08,872,1,13,"","",""
863,"P.R. Hobbs","The role of conservation agriculture in sustainable agriculture",2008,"Philosophical Transactions of the Royal Society B: Biological Sciences","","","https://www.scopus.com/inward/citedby.uri?partnerID=HzOxMe3b&scp=40949150208&origin=inward",101,"2022-12-15 13:34:15","Review","10.1098/rstb.2007.2169","0962-8452","https://api.elsevier.com/content/abstract/scopus_id/40949150208",363,1491,543,555,863,61.64,863,1,14,"","",""
860,"N. Dempsey","The social dimension of sustainable development: Defining urban social sustainability",2011,"Sustainable Development","","","https://www.scopus.com/inward/citedby.uri?partnerID=HzOxMe3b&scp=80053299272&origin=inward",102,"2022-12-15 13:34:15","Article","10.1002/sd.417","0968-0802","https://api.elsevier.com/content/abstract/scopus_id/80053299272",19,5,289,300,860,78.18,860,1,11,"","",""
858,"M.M. Titirici","Sustainable carbon materials",2015,"Chemical Society Reviews","","","https://www.scopus.com/inward/citedby.uri?partnerID=HzOxMe3b&scp=84916889861&origin=inward",103,"2022-12-15 13:34:15","Review","10.1039/c4cs00232f","0306-0012","https://api.elsevier.com/content/abstract/scopus_id/84916889861",44,1,250,290,858,122.57,858,1,7,"","",""
858,"H.M. Jonkers","Application of bacteria as self-healing agent for the development of sustainable concrete",2010,"Ecological Engineering","","https://api.elsevier.com/content/article/eid/1-s2.0-S0925857409000202","https://www.scopus.com/inward/citedby.uri?partnerID=HzOxMe3b&scp=74149085972&origin=inward",104,"2022-12-15 13:34:15","Article","10.1016/j.ecoleng.2008.12.036","0925-8574","https://api.elsevier.com/content/abstract/scopus_id/74149085972",36,2,230,235,858,71.50,858,1,12,"","",""
856,"V. Patel","The Lancet Commission on global mental health and sustainable development",2018,"The Lancet","","https://api.elsevier.com/content/article/eid/1-s2.0-S014067361831612X","https://www.scopus.com/inward/citedby.uri?partnerID=HzOxMe3b&scp=85056238862&origin=inward",105,"2022-12-15 13:34:15","Review","10.1016/S0140-6736(18)31612-X","0140-6736","https://api.elsevier.com/content/abstract/scopus_id/85056238862",392,10157,1553,1598,856,214.00,856,1,4,"","",""
855,"M. Sankar","Designing bimetallic catalysts for a green and sustainable future",2012,"Chemical Society Reviews","","","https://www.scopus.com/inward/citedby.uri?partnerID=HzOxMe3b&scp=84870048991&origin=inward",106,"2022-12-15 13:34:15","Article","10.1039/c2cs35296f","0306-0012","https://api.elsevier.com/content/abstract/scopus_id/84870048991",41,24,8099,8139,855,85.50,855,1,10,"","",""
847,"S.D. Keesstra","The significance of soils and soil science towards realization of the United Nations sustainable development goals",2016,"SOIL","","","https://www.scopus.com/inward/citedby.uri?partnerID=HzOxMe3b&scp=85034611088&origin=inward",107,"2022-12-15 13:34:15","Article","10.5194/soil-2-111-2016","2199-3971","https://api.elsevier.com/content/abstract/scopus_id/85034611088",2,2,111,128,847,141.17,847,1,6,"","",""
845,"N.W. Hatch","Human capital and learning as a source of sustainable competitive advantage",2004,"Strategic Management Journal","","","https://www.scopus.com/inward/citedby.uri?partnerID=HzOxMe3b&scp=8344261582&origin=inward",108,"2022-12-15 13:34:15","Article","10.1002/smj.421","0143-2095","https://api.elsevier.com/content/abstract/scopus_id/8344261582",25,12,1155,1178,845,46.94,845,1,18,"","",""
842,"S. Schaltegger","Sustainable entrepreneurship and sustainability innovation: Categories and interactions",2011,"Business Strategy and the Environment","","","https://www.scopus.com/inward/citedby.uri?partnerID=HzOxMe3b&scp=79953747440&origin=inward",109,"2022-12-15 13:34:15","Article","10.1002/bse.682","0964-4733","https://api.elsevier.com/content/abstract/scopus_id/79953747440",20,4,222,237,842,76.55,842,1,11,"","",""
842,"W. Young","Sustainable consumption: Green consumer behaviour when purchasing products",2010,"Sustainable Development","","","https://www.scopus.com/inward/citedby.uri?partnerID=HzOxMe3b&scp=74949101896&origin=inward",110,"2022-12-15 13:34:15","Article","10.1002/sd.394","0968-0802","https://api.elsevier.com/content/abstract/scopus_id/74949101896",18,1,20,31,842,70.17,842,1,12,"","",""
841,"P. Ahi","A comparative literature analysis of definitions for green and sustainable supply chain management",2013,"Journal of Cleaner Production","","https://api.elsevier.com/content/article/eid/1-s2.0-S095965261300067X","https://www.scopus.com/inward/citedby.uri?partnerID=HzOxMe3b&scp=84878383688&origin=inward",111,"2022-12-15 13:34:15","Article","10.1016/j.jclepro.2013.02.018","0959-6526","https://api.elsevier.com/content/abstract/scopus_id/84878383688",52,,329,341,841,93.44,841,1,9,"","",""
836,"R.C. Cioc","Multicomponent reactions: Advanced tools for sustainable organic synthesis",2014,"Green Chemistry","","","https://www.scopus.com/inward/citedby.uri?partnerID=HzOxMe3b&scp=84901585330&origin=inward",112,"2022-12-15 13:34:15","Review","10.1039/c4gc00013g","1463-9262","https://api.elsevier.com/content/abstract/scopus_id/84901585330",16,6,2958,2975,836,104.50,836,1,8,"","",""
826,"M.I. Khan","The promising future of microalgae: Current status, challenges, and optimization of a sustainable and renewable industry for biofuels, feed, and other products",2018,"Microbial Cell Factories","","","https://www.scopus.com/inward/citedby.uri?partnerID=HzOxMe3b&scp=85043337437&origin=inward",113,"2022-12-15 13:34:15","Review","10.1186/s12934-018-0879-x","1475-2859","https://api.elsevier.com/content/abstract/scopus_id/85043337437",17,1,,,826,206.50,826,1,4,"","",""
822,"R. Sheldon","Role of Biocatalysis in Sustainable Chemistry",2018,"Chemical Reviews","","","https://www.scopus.com/inward/citedby.uri?partnerID=HzOxMe3b&scp=85041113241&origin=inward",114,"2022-12-15 13:34:15","Review","10.1021/acs.chemrev.7b00203","0009-2665","https://api.elsevier.com/content/abstract/scopus_id/85041113241",118,2,801,838,822,205.50,822,1,4,"","",""
814,"M. Nilsson","Policy: Map the interactions between Sustainable Development Goals",2016,"Nature","","","https://www.scopus.com/inward/citedby.uri?partnerID=HzOxMe3b&scp=84975486585&origin=inward",115,"2022-12-15 13:34:15","Note","10.1038/534320a","0028-0836","https://api.elsevier.com/content/abstract/scopus_id/84975486585",534,7607,320,322,814,135.67,814,1,6,"","",""
813,"M. Brandenburg","Quantitative models for sustainable supply chain management: Developments and directions",2014,"European Journal of Operational Research","","https://api.elsevier.com/content/article/eid/1-s2.0-S037722171300787X","https://www.scopus.com/inward/citedby.uri?partnerID=HzOxMe3b&scp=84893648204&origin=inward",116,"2022-12-15 13:34:15","Article","10.1016/j.ejor.2013.09.032","0377-2217","https://api.elsevier.com/content/abstract/scopus_id/84893648204",233,2,299,312,813,101.63,813,1,8,"","",""
804,"F. Hawkes","Sustainable fermentative hydrogen production: Challenges for process optimisation",2002,"International Journal of Hydrogen Energy","","https://api.elsevier.com/content/article/eid/1-s2.0-S0360319902000903","https://www.scopus.com/inward/citedby.uri?partnerID=HzOxMe3b&scp=0036827182&origin=inward",117,"2022-12-15 13:34:15","Conference Paper","10.1016/S0360-3199(02)00090-3","0360-3199","https://api.elsevier.com/content/abstract/scopus_id/0036827182",27,11,1339,1347,804,40.20,804,1,20,"","",""
796,"R.T. Watson","Information systems and environmentally sustainable development: Energy informatics and new directions for the is community",2010,"MIS Quarterly: Management Information Systems","","","https://www.scopus.com/inward/citedby.uri?partnerID=HzOxMe3b&scp=77649122774&origin=inward",118,"2022-12-15 13:34:15","Review","10.2307/20721413","0276-7783","https://api.elsevier.com/content/abstract/scopus_id/77649122774",34,1,23,38,796,66.33,796,1,12,"","",""
787,"I. Rawat","Dual role of microalgae: Phycoremediation of domestic wastewater and biomass production for sustainable biofuels production",2011,"Applied Energy","","https://api.elsevier.com/content/article/eid/1-s2.0-S0306261910004885","https://www.scopus.com/inward/citedby.uri?partnerID=HzOxMe3b&scp=79957975104&origin=inward",119,"2022-12-15 13:34:15","Article","10.1016/j.apenergy.2010.11.025","0306-2619","https://api.elsevier.com/content/abstract/scopus_id/79957975104",88,10,3411,3424,787,71.55,787,1,11,"","",""
785,"A. Kumar","A review of multi criteria decision making (MCDM) towards sustainable renewable energy development",2017,"Renewable and Sustainable Energy Reviews","","https://api.elsevier.com/content/article/eid/1-s2.0-S1364032116309479","https://www.scopus.com/inward/citedby.uri?partnerID=HzOxMe3b&scp=84996606591&origin=inward",120,"2022-12-15 13:34:15","Review","10.1016/j.rser.2016.11.191","1364-0321","https://api.elsevier.com/content/abstract/scopus_id/84996606591",69,,596,609,785,157.00,785,1,5,"","",""
784,"R. Zhang","Antifouling membranes for sustainable water purification: Strategies and mechanisms",2016,"Chemical Society Reviews","","","https://www.scopus.com/inward/citedby.uri?partnerID=HzOxMe3b&scp=84994036273&origin=inward",121,"2022-12-15 13:34:15","Review","10.1039/c5cs00579e","0306-0012","https://api.elsevier.com/content/abstract/scopus_id/84994036273",45,21,5888,5924,784,130.67,784,1,6,"","",""
783,"B. Cohen","Market imperfections, opportunity and sustainable entrepreneurship",2007,"Journal of Business Venturing","","https://api.elsevier.com/content/article/eid/1-s2.0-S0883902605000571","https://www.scopus.com/inward/citedby.uri?partnerID=HzOxMe3b&scp=33749683143&origin=inward",122,"2022-12-15 13:34:15","Article","10.1016/j.jbusvent.2004.12.001","0883-9026","https://api.elsevier.com/content/abstract/scopus_id/33749683143",22,1,29,49,783,52.20,783,1,15,"","",""
783,"T.J. Dean","Toward a theory of sustainable entrepreneurship: Reducing environmental degradation through entrepreneurial action",2007,"Journal of Business Venturing","","https://api.elsevier.com/content/article/eid/1-s2.0-S0883902605000777","https://www.scopus.com/inward/citedby.uri?partnerID=HzOxMe3b&scp=33749680336&origin=inward",123,"2022-12-15 13:34:15","Article","10.1016/j.jbusvent.2005.09.003","0883-9026","https://api.elsevier.com/content/abstract/scopus_id/33749680336",22,1,50,76,783,52.20,783,1,15,"","",""
782,"C. Graves","Sustainable hydrocarbon fuels by recycling CO<inf>2</inf> and H <inf>2</inf>O with renewable or nuclear energy",2011,"Renewable and Sustainable Energy Reviews","","https://api.elsevier.com/content/article/eid/1-s2.0-S1364032110001942","https://www.scopus.com/inward/citedby.uri?partnerID=HzOxMe3b&scp=78149409760&origin=inward",124,"2022-12-15 13:34:15","Review","10.1016/j.rser.2010.07.014","1364-0321","https://api.elsevier.com/content/abstract/scopus_id/78149409760",15,1,1,23,782,71.09,782,1,11,"","",""
782,"I.T. Horváth","γ-Valerolactone—a sustainable liquid for energy and carbon-based chemicals",2008,"Green Chemistry","","","https://www.scopus.com/inward/citedby.uri?partnerID=HzOxMe3b&scp=38849151682&origin=inward",125,"2022-12-15 13:34:15","Article","10.1039/b712863k","1463-9262","https://api.elsevier.com/content/abstract/scopus_id/38849151682",10,2,238,238,782,55.86,782,1,14,"","",""
782,"D. Boud","Sustainable assessment: Rethinking assessment for the learning society",2000,"Studies in Continuing Education","","","https://www.scopus.com/inward/citedby.uri?partnerID=HzOxMe3b&scp=0346289571&origin=inward",126,"2022-12-15 13:34:15","Article","10.1080/713695728","0158-037X","https://api.elsevier.com/content/abstract/scopus_id/0346289571",22,2,151,167,782,35.55,782,1,22,"","",""
778,"H. Daly","Toward some operational principles of sustainable development",1990,"Ecological Economics","","https://api.elsevier.com/content/article/eid/1-s2.0-092180099090010R","https://www.scopus.com/inward/citedby.uri?partnerID=HzOxMe3b&scp=12244295915&origin=inward",127,"2022-12-15 13:34:15","Article","10.1016/0921-8009(90)90010-R","0921-8009","https://api.elsevier.com/content/abstract/scopus_id/12244295915",2,1,1,6,778,24.31,778,1,32,"","",""
776,"M. Sevilla","Sustainable porous carbons with a superior performance for CO<inf>2</inf> capture",2011,"Energy and Environmental Science","","","https://www.scopus.com/inward/citedby.uri?partnerID=HzOxMe3b&scp=84950313795&origin=inward",128,"2022-12-15 13:34:15","Article","10.1039/c0ee00784f","1754-5692","https://api.elsevier.com/content/abstract/scopus_id/84950313795",4,5,1765,1771,776,70.55,776,1,11,"","",""
775,"D.M. Alonso","Gamma-valerolactone, a sustainable platform molecule derived from lignocellulosic biomass",2013,"Green Chemistry","","","https://www.scopus.com/inward/citedby.uri?partnerID=HzOxMe3b&scp=84874455368&origin=inward",129,"2022-12-15 13:34:15","Review","10.1039/c3gc37065h","1463-9262","https://api.elsevier.com/content/abstract/scopus_id/84874455368",15,3,584,595,775,86.11,775,1,9,"","",""
765,"A.L. Ahmad","Microalgae as a sustainable energy source for biodiesel production: A review",2011,"Renewable and Sustainable Energy Reviews","","https://api.elsevier.com/content/article/eid/1-s2.0-S1364032110003059","https://www.scopus.com/inward/citedby.uri?partnerID=HzOxMe3b&scp=78149414134&origin=inward",130,"2022-12-15 13:34:15","Review","10.1016/j.rser.2010.09.018","1364-0321","https://api.elsevier.com/content/abstract/scopus_id/78149414134",15,1,584,593,765,69.55,765,1,11,"","",""
765,"J. Robinson","Squaring the circle? Some thoughts on the idea of sustainable development",2004,"Ecological Economics","","https://api.elsevier.com/content/article/eid/1-s2.0-S0921800904000175","https://www.scopus.com/inward/citedby.uri?partnerID=HzOxMe3b&scp=2342502667&origin=inward",131,"2022-12-15 13:34:15","Article","10.1016/j.ecolecon.2003.10.017","0921-8009","https://api.elsevier.com/content/abstract/scopus_id/2342502667",48,4,369,384,765,42.50,765,1,18,"","",""
757,"M. Momirlan","The properties of hydrogen as fuel tomorrow in sustainable energy system for a cleaner planet",2005,"International Journal of Hydrogen Energy","","https://api.elsevier.com/content/article/eid/1-s2.0-S0360319904003398","https://www.scopus.com/inward/citedby.uri?partnerID=HzOxMe3b&scp=15944396152&origin=inward",132,"2022-12-15 13:34:15","Article","10.1016/j.ijhydene.2004.10.011","0360-3199","https://api.elsevier.com/content/abstract/scopus_id/15944396152",30,7,795,802,757,44.53,757,1,17,"","",""
754,"G.K.C. Ding","Sustainable construction-The role of environmental assessment tools",2008,"Journal of Environmental Management","","https://api.elsevier.com/content/article/eid/1-s2.0-S0301479706004270","https://www.scopus.com/inward/citedby.uri?partnerID=HzOxMe3b&scp=36148986821&origin=inward",133,"2022-12-15 13:34:15","Article","10.1016/j.jenvman.2006.12.025","0301-4797","https://api.elsevier.com/content/abstract/scopus_id/36148986821",86,3,451,464,754,53.86,754,1,14,"","",""
751,"E. Hassini","A literature review and a case study of sustainable supply chains with a focus on metrics",2012,"International Journal of Production Economics","","https://api.elsevier.com/content/article/eid/1-s2.0-S0925527312000576","https://www.scopus.com/inward/citedby.uri?partnerID=HzOxMe3b&scp=84865677378&origin=inward",134,"2022-12-15 13:34:15","Article","10.1016/j.ijpe.2012.01.042","0925-5273","https://api.elsevier.com/content/abstract/scopus_id/84865677378",140,1,69,82,751,75.10,751,1,10,"","",""
748,"D.K. Asami","Comparison of the total phenolic and ascorbic acid content of freeze-dried and air-dried marionberry, strawberry, and corn grown using conventional, organic, and sustainable agricultural practices",2003,"Journal of Agricultural and Food Chemistry","","","https://www.scopus.com/inward/citedby.uri?partnerID=HzOxMe3b&scp=0037467065&origin=inward",135,"2022-12-15 13:34:15","Article","10.1021/jf020635c","0021-8561","https://api.elsevier.com/content/abstract/scopus_id/0037467065",51,5,1237,1241,748,39.37,748,1,19,"","",""
739,"M.A. Yahya","Agricultural bio-waste materials as potential sustainable precursors used for activated carbon production: A review",2015,"Renewable and Sustainable Energy Reviews","","https://api.elsevier.com/content/article/eid/1-s2.0-S1364032115001392","https://www.scopus.com/inward/citedby.uri?partnerID=HzOxMe3b&scp=84925069262&origin=inward",136,"2022-12-15 13:34:15","Review","10.1016/j.rser.2015.02.051","1364-0321","https://api.elsevier.com/content/abstract/scopus_id/84925069262",46,,218,235,739,105.57,739,1,7,"","",""
739,"S. Seuring","A review of modeling approaches for sustainable supply chain management",2013,"Decision Support Systems","","https://api.elsevier.com/content/article/eid/1-s2.0-S0167923612001741","https://www.scopus.com/inward/citedby.uri?partnerID=HzOxMe3b&scp=84875220374&origin=inward",137,"2022-12-15 13:34:15","Conference Paper","10.1016/j.dss.2012.05.053","0167-9236","https://api.elsevier.com/content/abstract/scopus_id/84875220374",54,4,1513,1520,739,82.11,739,1,9,"","",""
735,"Y.R. Jabareen","Sustainable urban forms: Their typologies, models, and concepts",2006,"Journal of Planning Education and Research","","","https://www.scopus.com/inward/citedby.uri?partnerID=HzOxMe3b&scp=33747196081&origin=inward",138,"2022-12-15 13:34:15","Article","10.1177/0739456X05285119","0739-456X","https://api.elsevier.com/content/abstract/scopus_id/33747196081",26,1,38,52,735,45.94,735,1,16,"","",""
730,"B. Glaser","The 'Terra Preta' phenomenon: A model for sustainable agriculture in the humid tropics",2001,"Naturwissenschaften","","","https://www.scopus.com/inward/citedby.uri?partnerID=HzOxMe3b&scp=0035076148&origin=inward",139,"2022-12-15 13:34:15","Article","10.1007/s001140000193","0028-1042","https://api.elsevier.com/content/abstract/scopus_id/0035076148",88,1,37,41,730,34.76,730,1,21,"","",""
718,"J. Ranke","Design of sustainable chemical products - The example of ionic liquids",2007,"Chemical Reviews","","","https://www.scopus.com/inward/citedby.uri?partnerID=HzOxMe3b&scp=34447101448&origin=inward",140,"2022-12-15 13:34:15","Review","10.1021/cr050942s","0009-2665","https://api.elsevier.com/content/abstract/scopus_id/34447101448",107,6,2183,2206,718,47.87,718,1,15,"","",""
717,"D. Kai","Towards lignin-based functional materials in a sustainable world",2016,"Green Chemistry","","","https://www.scopus.com/inward/citedby.uri?partnerID=HzOxMe3b&scp=84959314737&origin=inward",141,"2022-12-15 13:34:15","Review","10.1039/c5gc02616d","1463-9262","https://api.elsevier.com/content/abstract/scopus_id/84959314737",18,5,1175,1200,717,119.50,717,1,6,"","",""
717,"J. Damtoft","Sustainable development and climate change initiatives",2008,"Cement and Concrete Research","","https://api.elsevier.com/content/article/eid/1-s2.0-S0008884607002153","https://www.scopus.com/inward/citedby.uri?partnerID=HzOxMe3b&scp=37349046696&origin=inward",142,"2022-12-15 13:34:15","Article","10.1016/j.cemconres.2007.09.008","0008-8846","https://api.elsevier.com/content/abstract/scopus_id/37349046696",38,2,115,127,717,51.21,717,1,14,"","",""
716,"H. Bulkeley","Rethinking sustainable cities: Multilevel governance and the 'urban' politics of climate change",2005,"Environmental Politics","","","https://www.scopus.com/inward/citedby.uri?partnerID=HzOxMe3b&scp=12444324593&origin=inward",143,"2022-12-15 13:34:15","Article","10.1080/0964401042000310178","0964-4016","https://api.elsevier.com/content/abstract/scopus_id/12444324593",14,1,42,63,716,42.12,716,1,17,"","",""
712,"P.P. Edwards","Hydrogen and fuel cells: Towards a sustainable energy future",2008,"Energy Policy","","https://api.elsevier.com/content/article/eid/1-s2.0-S0301421508004503","https://www.scopus.com/inward/citedby.uri?partnerID=HzOxMe3b&scp=55249096892&origin=inward",144,"2022-12-15 13:34:15","Article","10.1016/j.enpol.2008.09.036","0301-4215","https://api.elsevier.com/content/abstract/scopus_id/55249096892",36,12,4356,4362,712,50.86,712,1,14,"","",""
704,"B. Giddings","Environment, economy and society: Fitting them together into sustainable development",2002,"Sustainable Development","","","https://www.scopus.com/inward/citedby.uri?partnerID=HzOxMe3b&scp=0036856605&origin=inward",145,"2022-12-15 13:34:15","Article","10.1002/sd.199","0968-0802","https://api.elsevier.com/content/abstract/scopus_id/0036856605",10,4,187,196,704,35.20,704,1,20,"","",""
697,"E. Shove","CAUTION! Transitions ahead: Politics, practice, and sustainable transition management",2007,"Environment and Planning A","","","https://www.scopus.com/inward/citedby.uri?partnerID=HzOxMe3b&scp=34248190229&origin=inward",146,"2022-12-15 13:34:15","Note","10.1068/a39310","0308-518X","https://api.elsevier.com/content/abstract/scopus_id/34248190229",39,4,763,770,697,46.47,697,1,15,"","",""
694,"A. Hepbasli","A key review on exergetic analysis and assessment of renewable energy resources for a sustainable future",2008,"Renewable and Sustainable Energy Reviews","","https://api.elsevier.com/content/article/eid/1-s2.0-S1364032106001225","https://www.scopus.com/inward/citedby.uri?partnerID=HzOxMe3b&scp=38949094937&origin=inward",147,"2022-12-15 13:34:15","Review","10.1016/j.rser.2006.10.001","1364-0321","https://api.elsevier.com/content/abstract/scopus_id/38949094937",12,3,593,661,694,49.57,694,1,14,"","",""
694,"P. Jeffries","The contribution of arbuscular mycorrhizal fungi in sustainable maintenance of plant health and soil fertility",2003,"Biology and Fertility of Soils","","","https://www.scopus.com/inward/citedby.uri?partnerID=HzOxMe3b&scp=0037281687&origin=inward",148,"2022-12-15 13:34:15","Review","10.1007/s00374-002-0546-5","0178-2762","https://api.elsevier.com/content/abstract/scopus_id/0037281687",37,1,1,16,694,36.53,694,1,19,"","",""
686,"B.N. Silva","Towards sustainable smart cities: A review of trends, architectures, components, and open challenges in smart cities",2018,"Sustainable Cities and Society","","https://api.elsevier.com/content/article/eid/1-s2.0-S2210670717311125","https://www.scopus.com/inward/citedby.uri?partnerID=HzOxMe3b&scp=85041485794&origin=inward",149,"2022-12-15 13:34:15","Review","10.1016/j.scs.2018.01.053","2210-6707","https://api.elsevier.com/content/abstract/scopus_id/85041485794",38,,697,713,686,171.50,686,1,4,"","",""
686,"R. Sims","Food, place and authenticity: Local food and the sustainable tourism experience",2009,"Journal of Sustainable Tourism","","","https://www.scopus.com/inward/citedby.uri?partnerID=HzOxMe3b&scp=70449512199&origin=inward",150,"2022-12-15 13:34:15","Article","10.1080/09669580802359293","0966-9582","https://api.elsevier.com/content/abstract/scopus_id/70449512199",17,3,321,336,686,52.77,686,1,13,"","",""
684,"J. Korhonen","Hydrophobic nanocellulose aerogels as floating, sustainable, reusable, and recyclable oil absorbents",2011,"ACS Applied Materials and Interfaces","","","https://www.scopus.com/inward/citedby.uri?partnerID=HzOxMe3b&scp=79961131108&origin=inward",151,"2022-12-15 13:34:15","Article","10.1021/am200475b","1944-8244","https://api.elsevier.com/content/abstract/scopus_id/79961131108",3,6,1813,1816,684,62.18,684,1,11,"","",""
684,"R.W. Butler","Sustainable tourism: A state-of-the-art review",1999,"Tourism Geographies","","","https://www.scopus.com/inward/citedby.uri?partnerID=HzOxMe3b&scp=0002502204&origin=inward",152,"2022-12-15 13:34:15","Review","10.1080/14616689908721291","1461-6688","https://api.elsevier.com/content/abstract/scopus_id/0002502204",1,1,7,25,684,29.74,684,1,23,"","",""
678,"H.W. Engels","Polyurethanes: Versatile materials and sustainable problem solvers for today's challenges",2013,"Angewandte Chemie - International Edition","","","https://www.scopus.com/inward/citedby.uri?partnerID=HzOxMe3b&scp=84883230741&origin=inward",153,"2022-12-15 13:34:15","Review","10.1002/anie.201302766","1433-7851","https://api.elsevier.com/content/abstract/scopus_id/84883230741",52,36,9422,9441,678,75.33,678,1,9,"","",""
673,"M. Irimia-Vladu","""Green"" electronics: Biodegradable and biocompatible materials and devices for sustainable future",2014,"Chemical Society Reviews","","","https://www.scopus.com/inward/citedby.uri?partnerID=HzOxMe3b&scp=84890855226&origin=inward",154,"2022-12-15 13:34:15","Review","10.1039/c3cs60235d","0306-0012","https://api.elsevier.com/content/abstract/scopus_id/84890855226",43,2,588,610,673,84.13,673,1,8,"","",""
673,"A.M. Dewan","Land use and land cover change in Greater Dhaka, Bangladesh: Using remote sensing to promote sustainable urbanization",2009,"Applied Geography","","https://api.elsevier.com/content/article/eid/1-s2.0-S0143622809000058","https://www.scopus.com/inward/citedby.uri?partnerID=HzOxMe3b&scp=67649220048&origin=inward",155,"2022-12-15 13:34:15","Article","10.1016/j.apgeog.2008.12.005","0143-6228","https://api.elsevier.com/content/abstract/scopus_id/67649220048",29,3,390,401,673,51.77,673,1,13,"","",""
672,"Q.W. Song","Efficient, selective and sustainable catalysis of carbon dioxide",2017,"Green Chemistry","","","https://www.scopus.com/inward/citedby.uri?partnerID=HzOxMe3b&scp=85022335925&origin=inward",156,"2022-12-15 13:34:15","Review","10.1039/c7gc00199a","1463-9262","https://api.elsevier.com/content/abstract/scopus_id/85022335925",19,16,3707,3728,672,134.40,672,1,5,"","",""
666,"K. Kumar","Sustainable collaboration: Managing conflict and cooperation in interorganizational systems",1996,"MIS Quarterly: Management Information Systems","","","https://www.scopus.com/inward/citedby.uri?partnerID=HzOxMe3b&scp=9744272494&origin=inward",157,"2022-12-15 13:34:15","Article","10.2307/249657","0276-7783","https://api.elsevier.com/content/abstract/scopus_id/9744272494",20,3,279,299,666,25.62,666,1,26,"","",""
665,"L. Barreto","The hydrogen economy in the 21st century: A sustainable development scenario",2003,"International Journal of Hydrogen Energy","","https://api.elsevier.com/content/article/eid/1-s2.0-S0360319902000745","https://www.scopus.com/inward/citedby.uri?partnerID=HzOxMe3b&scp=0037332970&origin=inward",158,"2022-12-15 13:34:15","Article","10.1016/S0360-3199(02)00074-5","0360-3199","https://api.elsevier.com/content/abstract/scopus_id/0037332970",28,3,267,284,665,35.00,665,1,19,"","",""
664,"W. Li","Towards sustainable wastewater treatment by using microbial fuel cells-centered technologies",2014,"Energy and Environmental Science","","","https://www.scopus.com/inward/citedby.uri?partnerID=HzOxMe3b&scp=84897586232&origin=inward",159,"2022-12-15 13:34:15","Review","10.1039/c3ee43106a","1754-5692","https://api.elsevier.com/content/abstract/scopus_id/84897586232",7,3,911,924,664,83.00,664,1,8,"","",""
664,"D.W. Pearce","Capital theory and the measurement of sustainable development: an indicator of ""weak"" sustainability",1993,"Ecological Economics","","https://api.elsevier.com/content/article/eid/1-s2.0-0921800993900399","https://www.scopus.com/inward/citedby.uri?partnerID=HzOxMe3b&scp=0027749823&origin=inward",160,"2022-12-15 13:34:15","Article","10.1016/0921-8009(93)90039-9","0921-8009","https://api.elsevier.com/content/abstract/scopus_id/0027749823",8,2,103,108,664,22.90,664,1,29,"","",""
661,"A. Botequilha Leitão","Applying landscape ecological concepts and metrics in sustainable landscape planning",2002,"Landscape and Urban Planning","","https://api.elsevier.com/content/article/eid/1-s2.0-S0169204602000051","https://www.scopus.com/inward/citedby.uri?partnerID=HzOxMe3b&scp=0037090757&origin=inward",161,"2022-12-15 13:34:15","Article","10.1016/S0169-2046(02)00005-1","0169-2046","https://api.elsevier.com/content/abstract/scopus_id/0037090757",59,2,65,93,661,33.05,661,1,20,"","",""
660,"K. Hockerts","Greening Goliaths versus emerging Davids - Theorizing about the role of incumbents and new entrants in sustainable entrepreneurship",2010,"Journal of Business Venturing","","https://api.elsevier.com/content/article/eid/1-s2.0-S0883902609000810","https://www.scopus.com/inward/citedby.uri?partnerID=HzOxMe3b&scp=77955370297&origin=inward",162,"2022-12-15 13:34:15","Article","10.1016/j.jbusvent.2009.07.005","0883-9026","https://api.elsevier.com/content/abstract/scopus_id/77955370297",25,5,481,492,660,55.00,660,1,12,"","",""
658,"J. Goodenough","Electrochemical energy storage in a sustainable modern society",2014,"Energy and Environmental Science","","","https://www.scopus.com/inward/citedby.uri?partnerID=HzOxMe3b&scp=84890528665&origin=inward",163,"2022-12-15 13:34:15","Review","10.1039/c3ee42613k","1754-5692","https://api.elsevier.com/content/abstract/scopus_id/84890528665",7,1,14,18,658,82.25,658,1,8,"","",""
657,"D. Lindenmayer","Indicators of biodiversity for ecologically sustainable forest management",2000,"Conservation Biology","","","https://www.scopus.com/inward/citedby.uri?partnerID=HzOxMe3b&scp=0033863908&origin=inward",164,"2022-12-15 13:34:15","Review","10.1046/j.1523-1739.2000.98533.x","0888-8892","https://api.elsevier.com/content/abstract/scopus_id/0033863908",14,4,941,950,657,29.86,657,1,22,"","",""
656,"S. Tang","Magnetic nanoparticles: Essential factors for sustainable environmental applications",2013,"Water Research","","https://api.elsevier.com/content/article/eid/1-s2.0-S0043135413001437","https://www.scopus.com/inward/citedby.uri?partnerID=HzOxMe3b&scp=84876147204&origin=inward",165,"2022-12-15 13:34:15","Review","10.1016/j.watres.2013.02.039","0043-1354","https://api.elsevier.com/content/abstract/scopus_id/84876147204",47,8,2613,2632,656,72.89,656,1,9,"","",""
655,"A.D. Jayal","Sustainable manufacturing: Modeling and optimization challenges at the product, process and system levels",2010,"CIRP Journal of Manufacturing Science and Technology","","https://api.elsevier.com/content/article/eid/1-s2.0-S1755581710000131","https://www.scopus.com/inward/citedby.uri?partnerID=HzOxMe3b&scp=77953649601&origin=inward",166,"2022-12-15 13:34:15","Article","10.1016/j.cirpj.2010.03.006","1755-5817","https://api.elsevier.com/content/abstract/scopus_id/77953649601",2,3,144,152,655,54.58,655,1,12,"","",""
652,"J. Pretty","Sustainable intensification in African agriculture",2011,"International Journal of Agricultural Sustainability","","","https://www.scopus.com/inward/citedby.uri?partnerID=HzOxMe3b&scp=79951759018&origin=inward",167,"2022-12-15 13:34:15","Article","10.3763/ijas.2010.0583","1473-5903","https://api.elsevier.com/content/abstract/scopus_id/79951759018",9,1,5,24,652,59.27,652,1,11,"","",""
651,"A. Azapagic","Developing a framework for sustainable development indicators for the mining and minerals industry",2004,"Journal of Cleaner Production","","https://api.elsevier.com/content/article/eid/1-s2.0-S0959652603000751","https://www.scopus.com/inward/citedby.uri?partnerID=HzOxMe3b&scp=1342264168&origin=inward",168,"2022-12-15 13:34:15","Conference Paper","10.1016/S0959-6526(03)00075-1","0959-6526","https://api.elsevier.com/content/abstract/scopus_id/1342264168",12,6,639,662,651,36.17,651,1,18,"","",""
647,"J.K. Hall","Sustainable development and entrepreneurship: Past contributions and future directions",2010,"Journal of Business Venturing","","https://api.elsevier.com/content/article/eid/1-s2.0-S0883902610000200","https://www.scopus.com/inward/citedby.uri?partnerID=HzOxMe3b&scp=77955431838&origin=inward",169,"2022-12-15 13:34:15","Article","10.1016/j.jbusvent.2010.01.002","0883-9026","https://api.elsevier.com/content/abstract/scopus_id/77955431838",25,5,439,448,647,53.92,647,1,12,"","",""
646,"J.M. Campelo","Sustainable preparation of supported metal nanoparticles and their applications in catalysis",2009,"ChemSusChem","","","https://www.scopus.com/inward/citedby.uri?partnerID=HzOxMe3b&scp=60549116958&origin=inward",170,"2022-12-15 13:34:15","Review","10.1002/cssc.200800227","1864-5631","https://api.elsevier.com/content/abstract/scopus_id/60549116958",2,1,18,45,646,49.69,646,1,13,"","",""
646,"B. Richter","Ecologically sustainable water management: Managing river flows for ecological integrity",2003,"Ecological Applications","","","https://www.scopus.com/inward/citedby.uri?partnerID=HzOxMe3b&scp=0038118136&origin=inward",171,"2022-12-15 13:34:15","Article","10.1890/1051-0761(2003)013[0206:ESWMMR]2.0.CO;2","1051-0761","https://api.elsevier.com/content/abstract/scopus_id/0038118136",13,1,206,224,646,34.00,646,1,19,"","",""
645,"B. Kromp","Carabid beetles in sustainable agriculture: A review on pest control efficacy, cultivation impacts and enhancement",1999,"Agriculture, Ecosystems and Environment","","https://api.elsevier.com/content/article/eid/1-s2.0-S0167880999000377","https://www.scopus.com/inward/citedby.uri?partnerID=HzOxMe3b&scp=0032867707&origin=inward",172,"2022-12-15 13:34:15","Article","10.1016/S0167-8809(99)00037-7","0167-8809","https://api.elsevier.com/content/abstract/scopus_id/0032867707",74,1,187,228,645,28.04,645,1,23,"","",""
644,"F. Chen","Hierarchical assembly of graphene-bridged Ag<inf>3</inf>PO<inf>4</inf>/Ag/BiVO<inf>4</inf> (040) Z-scheme photocatalyst: An efficient, sustainable and heterogeneous catalyst with enhanced visible-light photoactivity towards tetracycline degradation under visible light irradiation",2017,"Applied Catalysis B: Environmental","","https://api.elsevier.com/content/article/eid/1-s2.0-S0926337316305549","https://www.scopus.com/inward/citedby.uri?partnerID=HzOxMe3b&scp=84989923305&origin=inward",173,"2022-12-15 13:34:15","Article","10.1016/j.apcatb.2016.07.021","0926-3373","https://api.elsevier.com/content/abstract/scopus_id/84989923305",200,,330,342,644,128.80,644,1,5,"","",""
641,"D. Mebratu","Sustainability and sustainable development: Historical and conceptual review",1998,"Environmental Impact Assessment Review","","https://api.elsevier.com/content/article/eid/1-s2.0-S0195925598000195","https://www.scopus.com/inward/citedby.uri?partnerID=HzOxMe3b&scp=0032209169&origin=inward",174,"2022-12-15 13:34:15","Article","10.1016/S0195-9255(98)00019-5","0195-9255","https://api.elsevier.com/content/abstract/scopus_id/0032209169",18,6,493,520,641,26.71,641,1,24,"","",""
639,"S. Bolisetty","Sustainable technologies for water purification from heavy metals: review and analysis",2019,"Chemical Society Reviews","","","https://www.scopus.com/inward/citedby.uri?partnerID=HzOxMe3b&scp=85060177176&origin=inward",175,"2022-12-15 13:34:15","Review","10.1039/c8cs00493e","0306-0012","https://api.elsevier.com/content/abstract/scopus_id/85060177176",48,2,463,487,639,213.00,639,1,3,"","",""
630,"P. White","Plant nutrition for sustainable development and global health",2010,"Annals of Botany","","","https://www.scopus.com/inward/citedby.uri?partnerID=HzOxMe3b&scp=77953839606&origin=inward",176,"2022-12-15 13:34:15","Article","10.1093/aob/mcq085","0305-7364","https://api.elsevier.com/content/abstract/scopus_id/77953839606",105,7,1073,1080,630,52.50,630,1,12,"","",""
629,"S. Bibri","Smart sustainable cities of the future: An extensive interdisciplinary literature review",2017,"Sustainable Cities and Society","","https://api.elsevier.com/content/article/eid/1-s2.0-S2210670716304073","https://www.scopus.com/inward/citedby.uri?partnerID=HzOxMe3b&scp=85015900713&origin=inward",177,"2022-12-15 13:34:15","Review","10.1016/j.scs.2017.02.016","2210-6707","https://api.elsevier.com/content/abstract/scopus_id/85015900713",31,,183,212,629,125.80,629,1,5,"","",""
623,"E. Fraser","Bottom up and top down: Analysis of participatory processes for sustainability indicator identification as a pathway to community empowerment and sustainable environmental management",2006,"Journal of Environmental Management","","https://api.elsevier.com/content/article/eid/1-s2.0-S0301479705001659","https://www.scopus.com/inward/citedby.uri?partnerID=HzOxMe3b&scp=30944449213&origin=inward",178,"2022-12-15 13:34:15","Article","10.1016/j.jenvman.2005.04.009","0301-4797","https://api.elsevier.com/content/abstract/scopus_id/30944449213",78,2,114,127,623,38.94,623,1,16,"","",""
621,"C. Tanner","Promoting Sustainable Consumption: Determinants of Green Purchases by Swiss Consumers",2003,"Psychology and Marketing","","","https://www.scopus.com/inward/citedby.uri?partnerID=HzOxMe3b&scp=2442490861&origin=inward",179,"2022-12-15 13:34:15","Article","10.1002/mar.10101","0742-6046","https://api.elsevier.com/content/abstract/scopus_id/2442490861",20,10,883,902,621,32.68,621,1,19,"","",""
620,"H. Ahvenniemi","What are the differences between sustainable and smart cities?",2017,"Cities","","https://api.elsevier.com/content/article/eid/1-s2.0-S0264275116302578","https://www.scopus.com/inward/citedby.uri?partnerID=HzOxMe3b&scp=84988735775&origin=inward",180,"2022-12-15 13:34:15","Article","10.1016/j.cities.2016.09.009","0264-2751","https://api.elsevier.com/content/abstract/scopus_id/84988735775",60,,234,245,620,124.00,620,1,5,"","",""
617,"A. Chaabane","Design of sustainable supply chains under the emission trading scheme",2012,"International Journal of Production Economics","","https://api.elsevier.com/content/article/eid/1-s2.0-S0925527310004184","https://www.scopus.com/inward/citedby.uri?partnerID=HzOxMe3b&scp=80055058847&origin=inward",181,"2022-12-15 13:34:15","Article","10.1016/j.ijpe.2010.10.025","0925-5273","https://api.elsevier.com/content/abstract/scopus_id/80055058847",135,1,37,49,617,61.70,617,1,10,"","",""
616,"A. Genovese","Sustainable supply chain management and the transition towards a circular economy: Evidence and some applications",2017,"Omega (United Kingdom)","","https://api.elsevier.com/content/article/eid/1-s2.0-S0305048315001322","https://www.scopus.com/inward/citedby.uri?partnerID=HzOxMe3b&scp=84937046988&origin=inward",182,"2022-12-15 13:34:15","Article","10.1016/j.omega.2015.05.015","0305-0483","https://api.elsevier.com/content/abstract/scopus_id/84937046988",66,,344,357,616,123.20,616,1,5,"","",""
616,"J. Meadowcroft","What about the politics? Sustainable development, transition management, and long term energy transitions",2009,"Policy Sciences","","","https://www.scopus.com/inward/citedby.uri?partnerID=HzOxMe3b&scp=72449205945&origin=inward",183,"2022-12-15 13:34:15","Article","10.1007/s11077-009-9097-z","0032-2687","https://api.elsevier.com/content/abstract/scopus_id/72449205945",42,4,323,340,616,47.38,616,1,13,"","",""
616,"I. Vermeir","Sustainable food consumption among young adults in Belgium: Theory of planned behaviour and the role of confidence and values",2008,"Ecological Economics","","https://api.elsevier.com/content/article/eid/1-s2.0-S0921800907002005","https://www.scopus.com/inward/citedby.uri?partnerID=HzOxMe3b&scp=37049008235&origin=inward",184,"2022-12-15 13:34:15","Article","10.1016/j.ecolecon.2007.03.007","0921-8009","https://api.elsevier.com/content/abstract/scopus_id/37049008235",64,3,542,553,616,44.00,616,1,14,"","",""
615,"W. Rees","Urban ecological footprints: Why cities cannot be sustainable - and why they are a key to sustainability",1996,"Environmental Impact Assessment Review","","https://api.elsevier.com/content/article/eid/1-s2.0-S0195925596000224","https://www.scopus.com/inward/citedby.uri?partnerID=HzOxMe3b&scp=0030183074&origin=inward",185,"2022-12-15 13:34:15","Article","10.1016/S0195-9255(96)00022-4","0195-9255","https://api.elsevier.com/content/abstract/scopus_id/0030183074",16,4,223,248,615,23.65,615,1,26,"","",""
613,"F.V. Bekun","Toward a sustainable environment: Nexus between CO<inf>2</inf> emissions, resource rent, renewable and nonrenewable energy in 16-EU countries",2019,"Science of the Total Environment","","https://api.elsevier.com/content/article/eid/1-s2.0-S0048969718349477","https://www.scopus.com/inward/citedby.uri?partnerID=HzOxMe3b&scp=85058245950&origin=inward",186,"2022-12-15 13:34:15","Article","10.1016/j.scitotenv.2018.12.104","0048-9697","https://api.elsevier.com/content/abstract/scopus_id/85058245950",657,,1023,1029,613,204.33,613,1,3,"","",""
608,"N. Huijts","Psychological factors influencing sustainable energy technology acceptance: A review-based comprehensive framework",2012,"Renewable and Sustainable Energy Reviews","","https://api.elsevier.com/content/article/eid/1-s2.0-S136403211100428X","https://www.scopus.com/inward/citedby.uri?partnerID=HzOxMe3b&scp=82355175809&origin=inward",187,"2022-12-15 13:34:15","Review","10.1016/j.rser.2011.08.018","1364-0321","https://api.elsevier.com/content/abstract/scopus_id/82355175809",16,1,525,531,608,60.80,608,1,10,"","",""
608,"M. Lamblin","Recyclable heterogeneous palladium catalysts in pure water: Sustainable developments in Suzuki, Heck, Sonogashira and Tsuji-Trost reactions",2010,"Advanced Synthesis and Catalysis","","","https://www.scopus.com/inward/citedby.uri?partnerID=HzOxMe3b&scp=75749088913&origin=inward",188,"2022-12-15 13:34:15","Review","10.1002/adsc.200900765","1615-4150","https://api.elsevier.com/content/abstract/scopus_id/75749088913",352,1,33,79,608,50.67,608,1,12,"","",""
606,"R. De Groot","Function-analysis and valuation as a tool to assess land use conflicts in planning for sustainable, multi-functional landscapes",2006,"Landscape and Urban Planning","","https://api.elsevier.com/content/article/eid/1-s2.0-S0169204605000575","https://www.scopus.com/inward/citedby.uri?partnerID=HzOxMe3b&scp=31744441010&origin=inward",189,"2022-12-15 13:34:15","Article","10.1016/j.landurbplan.2005.02.016","0169-2046","https://api.elsevier.com/content/abstract/scopus_id/31744441010",75,3,175,186,606,37.88,606,1,16,"","",""
601,"D. Wagle","Deep eutectic solvents: Sustainable media for nanoscale and functional materials",2014,"Accounts of Chemical Research","","","https://www.scopus.com/inward/citedby.uri?partnerID=HzOxMe3b&scp=84906262610&origin=inward",190,"2022-12-15 13:34:15","Article","10.1021/ar5000488","0001-4842","https://api.elsevier.com/content/abstract/scopus_id/84906262610",47,8,2299,2308,601,75.13,601,1,8,"","",""
600,"D. Le Blanc","Towards Integration at Last? The Sustainable Development Goals as a Network of Targets",2015,"Sustainable Development","","","https://www.scopus.com/inward/citedby.uri?partnerID=HzOxMe3b&scp=84932197795&origin=inward",191,"2022-12-15 13:34:15","Article","10.1002/sd.1582","0968-0802","https://api.elsevier.com/content/abstract/scopus_id/84932197795",23,3,176,187,600,85.71,600,1,7,"","",""
600,"J. Chen","Harmonic-resonator-based triboelectric nanogenerator as a sustainable power source and a self-powered active vibration sensor",2013,"Advanced Materials","","","https://www.scopus.com/inward/citedby.uri?partnerID=HzOxMe3b&scp=84887481607&origin=inward",192,"2022-12-15 13:34:15","Article","10.1002/adma.201302397","0935-9648","https://api.elsevier.com/content/abstract/scopus_id/84887481607",25,42,6094,6099,600,66.67,600,1,9,"","",""
597,"K. Sordakis","Homogeneous Catalysis for Sustainable Hydrogen Storage in Formic Acid and Alcohols",2018,"Chemical Reviews","","","https://www.scopus.com/inward/citedby.uri?partnerID=HzOxMe3b&scp=85041095659&origin=inward",193,"2022-12-15 13:34:15","Review","10.1021/acs.chemrev.7b00182","0009-2665","https://api.elsevier.com/content/abstract/scopus_id/85041095659",118,2,372,433,597,149.25,597,1,4,"","",""
597,"L. Horrigan","How sustainable agriculture can address the environmental and human health harms of industrial agriculture",2002,"Environmental Health Perspectives","","","https://www.scopus.com/inward/citedby.uri?partnerID=HzOxMe3b&scp=0036100190&origin=inward",194,"2022-12-15 13:34:15","Review","10.1289/ehp.02110445","0091-6765","https://api.elsevier.com/content/abstract/scopus_id/0036100190",110,5,445,456,597,29.85,597,1,20,"","",""
597,"E.B. Barbier","The Concept of Sustainable Economic Development",1987,"Environmental Conservation","","","https://www.scopus.com/inward/citedby.uri?partnerID=HzOxMe3b&scp=0023468346&origin=inward",195,"2022-12-15 13:34:15","Article","10.1017/S0376892900011449","0376-8929","https://api.elsevier.com/content/abstract/scopus_id/0023468346",14,2,101,110,597,17.06,597,1,35,"","",""
595,"B. Ageron","Sustainable supply management: An empirical study",2012,"International Journal of Production Economics","","https://api.elsevier.com/content/article/eid/1-s2.0-S092552731100171X","https://www.scopus.com/inward/citedby.uri?partnerID=HzOxMe3b&scp=84865696642&origin=inward",196,"2022-12-15 13:34:15","Article","10.1016/j.ijpe.2011.04.007","0925-5273","https://api.elsevier.com/content/abstract/scopus_id/84865696642",140,1,168,182,595,59.50,595,1,10,"","",""
592,"S. Gold","Sustainable supply chain management and inter-organizational resources: A literature review",2010,"Corporate Social Responsibility and Environmental Management","","","https://www.scopus.com/inward/citedby.uri?partnerID=HzOxMe3b&scp=77949320389&origin=inward",197,"2022-12-15 13:34:15","Article","10.1002/csr.207","1535-3958","https://api.elsevier.com/content/abstract/scopus_id/77949320389",17,4,230,245,592,49.33,592,1,12,"","",""
590,"F. Boons","Sustainable innovation, business models and economic performance: An overview",2013,"Journal of Cleaner Production","","https://api.elsevier.com/content/article/eid/1-s2.0-S0959652612004209","https://www.scopus.com/inward/citedby.uri?partnerID=HzOxMe3b&scp=84879414979&origin=inward",198,"2022-12-15 13:34:15","Article","10.1016/j.jclepro.2012.08.013","0959-6526","https://api.elsevier.com/content/abstract/scopus_id/84879414979",45,,1,8,590,65.56,590,1,9,"","",""
589,"E.J. Horn","Synthetic organic electrochemistry: An enabling and innately sustainable method",2016,"ACS Central Science","","","https://www.scopus.com/inward/citedby.uri?partnerID=HzOxMe3b&scp=85011326803&origin=inward",199,"2022-12-15 13:34:15","Article","10.1021/acscentsci.6b00091","2374-7943","https://api.elsevier.com/content/abstract/scopus_id/85011326803",2,5,302,308,589,98.17,589,1,6,"","",""
587,"A.V. Sturz","Bacterial endophytes: Potential role in developing sustainable systems of crop production",2000,"Critical Reviews in Plant Sciences","","","https://www.scopus.com/inward/citedby.uri?partnerID=HzOxMe3b&scp=0033982720&origin=inward",200,"2022-12-15 13:34:15","Review","10.1080/07352680091139169","0735-2689","https://api.elsevier.com/content/abstract/scopus_id/0033982720",19,1,1,30,587,26.68,587,1,22,"","",""
