Item Title,Publication Title,Book Series Title,Journal Volume,Journal Issue,Item DOI,Authors,Publication Year,URL,Content Type,,,,,,,,,
Sustainable development and cryptocurrencies as private money,Journal of Industrial and Business Economics,,47,1,10.1007/s40812-019-00139-5,John VazKym Brown,2020,http://link.springer.com/article/10.1007/s40812-019-00139-5,Article,,,,,,,,,
A Multi-Perspective Framework for Research on (Sustainable) Autonomous Systems,Business & Information Systems Engineering,,64,3,10.1007/s12599-022-00752-0,Roman BeckJens DibbernMartin Wiener,2022,http://link.springer.com/article/10.1007/s12599-022-00752-0,Article,,,,,,,,,
"Towards green Internet of Things (IoT) for a sustainable future in Gulf Cooperation Council countries: current practices, challenges and future prospective",Wireless Networks,,,,10.1007/s11276-022-03133-3,Mahmoud A. AlbreemAbdul Manan SheikhMohammed J. K. BashirAyman A. El-Saleh,2022,http://link.springer.com/article/10.1007/s11276-022-03133-3,Article,,,,,,,,,
A sustainable University: Digital Transformation and Beyond,Education and Information Technologies,,27,7,10.1007/s10639-022-10968-y,Dr Mohamed Ashmel Mohamed HashimProf Issam TlemsaniProf Robin Duncan Matthews,2022,http://link.springer.com/article/10.1007/s10639-022-10968-y,Article,,,,,,,,,
"The Marriage of Technology, Markets and Sustainable (and) Social Finance: Insights from ICO Markets for a New Regulatory Framework",European Business Organization Law Review,,20,1,10.1007/s40804-019-00138-y,Iris H. Y. ChiuEdward F. Greene,2019,http://link.springer.com/article/10.1007/s40804-019-00138-y,Article,,,,,,,,,
The Visible Hand of corporate entrepreneurship in state-owned enterprises: a longitudinal study of the Spanish National Postal Operator,International Entrepreneurship and Management Journal,,18,3,10.1007/s11365-020-00700-y,Águeda Gil-LópezUnai ArzubiagaElena San RománAlfredo De Massis,2022,http://link.springer.com/article/10.1007/s11365-020-00700-y,Article,,,,,,,,,
Urban agriculture can transform the sustainable food security for urban dwellers in Pakistan,GeoJournal,,86,5,10.1007/s10708-020-10208-1,Farah ZulfiqarJie ShangSumaira YasmeenMuhammad Umair WattooMuhammad NasrullahQamar Alam,2021,http://link.springer.com/article/10.1007/s10708-020-10208-1,Article,,,,,,,,,
"Can agriculture and conservation be compatible in a coastal wetland? Balancing stakeholders’ narratives and interactions in the management of El Hondo Natural Park, Spain",Agriculture and Human Values,,39,2,10.1007/s10460-021-10271-5,Sandra RicartAntonio M. Rico-Amorós,2022,http://link.springer.com/article/10.1007/s10460-021-10271-5,Article,,,,,,,,,
Adopting distributed ledger technology for the sustainable construction industry: evaluating the barriers using Ordinal Priority Approach,Environmental Science and Pollution Research,,29,7,10.1007/s11356-021-16376-y,Mahsa SadeghiAmin MahmoudiXiaopeng Deng,2022,http://link.springer.com/article/10.1007/s11356-021-16376-y,Article,,,,,,,,,
Ethical Marketing in the Blockchain-Based Sharing Economy: Theoretical Integration and Guiding Insights,Journal of Business Ethics,,,,10.1007/s10551-021-05015-8,Teck Ming TanJari Salo,2021,http://link.springer.com/article/10.1007/s10551-021-05015-8,Article,,,,,,,,,
Promises and challenges of Blockchain in education,Smart Learning Environments,,8,1,10.1186/s40561-021-00179-2,Jae Park,2021,http://link.springer.com/article/10.1186/s40561-021-00179-2,Article,,,,,,,,,
Substitutes or complements? Exploring the impact of environmental regulations and informal institutions on the clean energy utilization behaviors of farmers,"Environment, Development and Sustainability",,,,10.1007/s10668-022-02222-9,Jinhua XieGangqiao YangGe WangYaying ZhuZhaoxia Guo,2022,http://link.springer.com/article/10.1007/s10668-022-02222-9,Article,,,,,,,,,
"Rural restructuring in China: Theory, approaches and research prospect",Journal of Geographical Sciences,,27,10,10.1007/s11442-017-1429-x,Shuangshuang TuHualou Long,2017,http://link.springer.com/article/10.1007/s11442-017-1429-x,Article,,,,,,,,,
What makes an environmental trust fund successful? A case study of the Maldives,Climatic Change,,161,2,10.1007/s10584-020-02700-x,Mohamed ShumaisIbrahim Mohamed,2020,http://link.springer.com/article/10.1007/s10584-020-02700-x,Article,,,,,,,,,
Blockchain for SME Clusters: An Ideation using the Framework of Ostrom Commons Governance,Information Systems Frontiers,,24,4,10.1007/s10796-022-10288-z,Geetika JainArchana ShrivastavaJustin PaulRonak Batra,2022,http://link.springer.com/article/10.1007/s10796-022-10288-z,Article,,,,,,,,,
A survey of application research based on blockchain smart contract,Wireless Networks,,28,2,10.1007/s11276-021-02874-x,Shi-Yi LinLei ZhangJing LiLi-li JiYue Sun,2022,http://link.springer.com/article/10.1007/s11276-021-02874-x,Article,,,,,,,,,
Environment and disaster education in the secondary school curriculum in Bangladesh,SN Social Sciences,,1,1,10.1007/s43545-020-00025-1,M. Rezaul Islam,2020,http://link.springer.com/article/10.1007/s43545-020-00025-1,Article,,,,,,,,,
Can agroecology and CRISPR mix? The politics of complementarity and moving toward technology sovereignty,Agriculture and Human Values,,39,2,10.1007/s10460-021-10284-0,Maywa Montenegro de Wit,2022,http://link.springer.com/article/10.1007/s10460-021-10284-0,Article,,,,,,,,,
The effects of blockchain technology adoption on business ethics and social sustainability: evidence from the Middle East,"Environment, Development and Sustainability",,24,5,10.1007/s10668-021-01729-x,Mohammad Hossein RonaghiMohammad Mosakhani,2022,http://link.springer.com/article/10.1007/s10668-021-01729-x,Article,,,,,,,,,
"Systematic literature review on smart contracts in the construction industry: Potentials, benefits, and challenges",Frontiers of Engineering Management,,9,2,10.1007/s42524-022-0188-2,Xuling YeNingshuang ZengMarkus König,2022,http://link.springer.com/article/10.1007/s42524-022-0188-2,Article,,,,,,,,,
Artificial intelligence and blockchain implementation in supply chains: a pathway to sustainability and data monetisation?,Annals of Operations Research,,,,10.1007/s10479-022-04785-2,Naoum TsolakisRoman SchumacherManoj DoraMukesh Kumar,2022,http://link.springer.com/article/10.1007/s10479-022-04785-2,Article,,,,,,,,,
"Urban growth sustainability of Islamabad, Pakistan, over the last 3 decades: a perspective based on object-based backdating change detection",GeoJournal,,86,5,10.1007/s10708-020-10172-w,Yong LiuShaker ul dinYue Jiang,2021,http://link.springer.com/article/10.1007/s10708-020-10172-w,Article,,,,,,,,,
Exploring the role of blockchain technology in value creation: a multiple case study approach,Quality & Quantity,,,,10.1007/s11135-022-01348-2,Alireza AbdollahiFaraz SadeghvaziriAbderahman Rejeb,2022,http://link.springer.com/article/10.1007/s11135-022-01348-2,Article,,,,,,,,,
Urban water service quality assessment in Tanzanian towns of Songea and Mbeya,Sustainable Water Resources Management,,3,4,10.1007/s40899-017-0120-9,Mitthan Lal KansalIvor Joseph NdimboSurendra Kumar Chandaniha,2017,http://link.springer.com/article/10.1007/s40899-017-0120-9,Article,,,,,,,,,
Decentralization: the key to accelerating access to distributed energy services in sub-Saharan Africa?,Journal of Environmental Studies and Sciences,,10,3,10.1007/s13412-020-00608-7,Collen ZalengeraLong Seng ToRichard SieffAlison MohrAran EalesJon ClokeHannah BucklandEd BrownRichard BlanchardSimon Batchelor,2020,http://link.springer.com/article/10.1007/s13412-020-00608-7,Article,,,,,,,,,
The ecological views of the Balinese toward their subak cultural landscape heritage,"Environment, Development and Sustainability",,24,11,10.1007/s10668-021-01979-9,Sang Putu Kaler SurataDewa Ayu PuspawatiPutu Eka Pasmidi AriatiI. Gusti Agung Paramitha Eka Putri,2022,http://link.springer.com/article/10.1007/s10668-021-01979-9,Article,,,,,,,,,
The psychology of organizational and social sustainability,Frontiers of Engineering Management,,6,3,10.1007/s42524-019-0029-0,Wei-Tau LeeHao ZhangKenneth H. Funk II,2019,http://link.springer.com/article/10.1007/s42524-019-0029-0,Article,,,,,,,,,
An assessment of environment friendly methods of khadi manufacturing,Indian Journal of History of Science,,56,1,10.1007/s43539-021-00003-3,Shruti GuptaDeepali RastogiRitu Mathur,2021,http://link.springer.com/article/10.1007/s43539-021-00003-3,Article,,,,,,,,,
Partnership for the goals to reduce CVD mortality: Rowing in the same direction,Journal of Nuclear Cardiology,,26,6,10.1007/s12350-019-01839-0,"João V. Vitola MD, PhD, MASNCMiguel Morita Fernandes-Silva MD, MPH, PhD",2019,http://link.springer.com/article/10.1007/s12350-019-01839-0,Article,,,,,,,,,
Too big to fail: An essay about Svein Jentoft’s engagement in small-scale fisheries research and development of the interactive governance theory,Maritime Studies,,17,3,10.1007/s40152-018-0114-8,Ratana Chuenpagdee,2018,http://link.springer.com/article/10.1007/s40152-018-0114-8,Article,,,,,,,,,
Toward a collaborative governance model for distributed ledger technology adoption in organizations,Environment Systems and Decisions,,42,2,10.1007/s10669-022-09852-4,Bokolo Anthony Jnr.,2022,http://link.springer.com/article/10.1007/s10669-022-09852-4,Article,,,,,,,,,
Change in landscape and ecosystems services as the basis of monitoring natural protected areas: a case study in the Picos de Europa National Park (Spain),Environmental Monitoring and Assessment,,192,4,10.1007/s10661-020-8132-6,Carlos L. De PabloMiguel Peñalver-AlcázarPilar Martín De Agar,2020,http://link.springer.com/article/10.1007/s10661-020-8132-6,Article,,,,,,,,,
International Capacity Building in Psychological Science: Reflections on Student Involvement and Endeavors,Trends in Psychology,,,,10.1007/s43076-022-00168-5,Daniel BalvaDaniel Thomas PageFanie CollardeauJulio Andrés Gómez HenaoAna Lorena Flores-Camacho,2022,http://link.springer.com/article/10.1007/s43076-022-00168-5,Article,,,,,,,,,
What is beyond the edges? Gated communities and their role in China’s desire for harmonious cities,"City, Territory and Architecture",,7,1,10.1186/s40410-020-00122-x,Badiaa HamamaJian Liu,2020,http://link.springer.com/article/10.1186/s40410-020-00122-x,Article,,,,,,,,,
Half a Century of Systems Studies into Developing the Power Industry in the Soviet Union and Russia: What Next? (Review),Thermal Engineering,,67,12,10.1134/S0040601520120034,A. A. Makarov,2020,http://link.springer.com/article/10.1134/S0040601520120034,Article,,,,,,,,,
Community acceptability and the energy transition: a citizens’ perspective,"Energy, Sustainability and Society",,9,1,10.1186/s13705-019-0218-z,Breffní LennonNiall P. DunphyEstibaliz Sanvicente,2019,http://link.springer.com/article/10.1186/s13705-019-0218-z,Article,,,,,,,,,
Architecture as service: a case of design on demand (DoD),Journal of Ambient Intelligence and Humanized Computing,,10,12,10.1007/s12652-018-1147-y,Mihai NadinAsma Naz,2019,http://link.springer.com/article/10.1007/s12652-018-1147-y,Article,,,,,,,,,
A survey on Blockchain mechanisms (BCM) based on internet of things (IoT) applications,Multimedia Tools and Applications,,81,23,10.1007/s11042-022-12784-5,C. SathishC. Yesubai Rubavathi,2022,http://link.springer.com/article/10.1007/s11042-022-12784-5,Article,,,,,,,,,
"Blockchain, Bitcoin, and ICOs: a review and research agenda",Small Business Economics,,56,4,10.1007/s11187-019-00286-y,Romi KherSiri TerjesenChen Liu,2021,http://link.springer.com/article/10.1007/s11187-019-00286-y,Article,,,,,,,,,
Bio-digital architecture,AI & SOCIETY,,37,3,10.1007/s00146-022-01405-2,David Maulén de los Reyes,2022,http://link.springer.com/article/10.1007/s00146-022-01405-2,Article,,,,,,,,,
Children’s physical activity level and sedentary behaviour in Norwegian early childhood education and care: effects of a staff-led cluster-randomised controlled trial,BMC Public Health,,20,1,10.1186/s12889-020-09725-y,Eivind AndersenSteinar ØvreåsKari Anne JørgensenJanne Borch-JenssenThomas Moser,2020,http://link.springer.com/article/10.1186/s12889-020-09725-y,Article,,,,,,,,,
Smart healthcare in smart cities: wireless patient monitoring system using IoT,The Journal of Supercomputing,,77,11,10.1007/s11227-021-03765-w,M. PoongodiAshutosh SharmaMounir HamdiMa MaodeNaveen Chilamkurti,2021,http://link.springer.com/article/10.1007/s11227-021-03765-w,Article,,,,,,,,,
Plastic waste recycling: existing Indian scenario and future opportunities,International Journal of Environmental Science and Technology,,,,10.1007/s13762-022-04079-x,R. ShankerD. KhanR. HossainMd. T. IslamK. LocockA. GhoseV. SahajwallaH. SchandlR. Dhodapkar,2022,http://link.springer.com/article/10.1007/s13762-022-04079-x,Article,,,,,,,,,
"Systemic Research on Owner Participation in Old Residential Community Management from the Perspective of Identity——a Case Study of a Typical Old Residential Community in Xi’an, China",Systemic Practice and Action Research,,34,6,10.1007/s11213-020-09549-2,Bin GuoRunyu ZhouYang Li,2021,http://link.springer.com/article/10.1007/s11213-020-09549-2,Article,,,,,,,,,
Protecting the Environment from Marine Pollution in Bangladesh: A Brief in Legal Aspects with Response to National and International Cooperation’s,Thalassas: An International Journal of Marine Sciences,,37,2,10.1007/s41208-021-00347-8,Md.Wahidul AlamMd.Simul BhuyanXu Xiangmin,2021,http://link.springer.com/article/10.1007/s41208-021-00347-8,Article,,,,,,,,,
Token Economy,Business & Information Systems Engineering,,63,4,10.1007/s12599-021-00684-1,Ali SunyaevNiclas KannengießerRoman BeckHorst TreiblmaierMary LacityJohann KranzGilbert FridgenUlli SpankowskiAndré Luckow,2021,http://link.springer.com/article/10.1007/s12599-021-00684-1,Article,,,,,,,,,
Comparison of life cycle environmental performance of public road transport modes in metropolitan regions,Clean Technologies and Environmental Policy,,21,3,10.1007/s10098-018-01661-1,Amar Mohan ShindeAnil Kumar DikshitRajesh Kumar Singh,2019,http://link.springer.com/article/10.1007/s10098-018-01661-1,Article,,,,,,,,,
Preparing construction supply chains for blockchain technology: An investigation of its potential and future directions,Frontiers of Engineering Management,,7,4,10.1007/s42524-020-0110-8,Algan TezelEleni PapadonikolakiIbrahim YitmenPer Hilletofth,2020,http://link.springer.com/article/10.1007/s42524-020-0110-8,Article,,,,,,,,,
The Moral Complexity of Agriculture: A Challenge for Corporate Social Responsibility,Journal of Agricultural and Environmental Ethics,,32,3,10.1007/s10806-019-09782-3,Evelien M. de OldeVladislav Valentinov,2019,http://link.springer.com/article/10.1007/s10806-019-09782-3,Article,,,,,,,,,
Access to public information: a scientometric study of legal versus voluntary transparency in the public sector,Scientometrics,,113,3,10.1007/s11192-017-2541-5,Alejandro Sáez-MartínAntonio M. López-HernandezCarmen Caba-Perez,2017,http://link.springer.com/article/10.1007/s11192-017-2541-5,Article,,,,,,,,,
Data-driven evaluation framework for the effectiveness of rural vitalization in China: an empirical case study of Hubei Province,Environmental Science and Pollution Research,,,,10.1007/s11356-022-23393-y,Yingen HuXiang LiYu SongChen Huang,2022,http://link.springer.com/article/10.1007/s11356-022-23393-y,Article,,,,,,,,,
Hidden aspects of social entrepreneurs’ life: a content analysis,Journal of Global Entrepreneurship Research,,9,1,10.1186/s40497-019-0199-6,Ruchita Pangriya,2019,http://link.springer.com/article/10.1186/s40497-019-0199-6,Article,,,,,,,,,
"The Regulation of Initial Coin Offerings in China: Problems, Prognoses and Prospects",European Business Organization Law Review,,19,3,10.1007/s40804-018-0118-2,Hui DengRobin Hui HuangQingran Wu,2018,http://link.springer.com/article/10.1007/s40804-018-0118-2,Article,,,,,,,,,
Global interdependence for fruit genetic resources: status and challenges in India,Food Security,,14,3,10.1007/s12571-021-01249-6,Pragya RanjanPratibha BrahmiVandana TyagiJ. K. RanjanVartika SrivastavaS. K. YadavS. P. SinghSurender SinghP. C. BindaS. K. SinghKuldeep Singh,2022,http://link.springer.com/article/10.1007/s12571-021-01249-6,Article,,,,,,,,,
New York City taxi trip duration prediction using MLP and XGBoost,International Journal of System Assurance Engineering and Management,,13,1,10.1007/s13198-021-01130-x,M PoongodiMohit MalviyaChahat KumarMounir HamdiV VijayakumarJamel NebhenHasan Alyamani,2022,http://link.springer.com/article/10.1007/s13198-021-01130-x,Article,,,,,,,,,
"Blockchain based secure, efficient and coordinated energy trading and data sharing between electric vehicles",Cluster Computing,,25,3,10.1007/s10586-021-03435-9,Muhammad Umar JavedNadeem JavaidMuhammad Waseem MalikMariam AkbarOmaji SamuelAdamu Sani YahayaJalel Ben Othman,2022,http://link.springer.com/article/10.1007/s10586-021-03435-9,Article,,,,,,,,,
Maritime sector at verge of change: learning and competence needs in Finnish maritime cluster,WMU Journal of Maritime Affairs,,20,1,10.1007/s13437-021-00228-0,Vesa KilpiTomi SolakiviTuomas Kiiski,2021,http://link.springer.com/article/10.1007/s13437-021-00228-0,Article,,,,,,,,,
"Redefining food safety traceability system through blockchain: findings, challenges and open issues",Multimedia Tools and Applications,,,,10.1007/s11042-022-14006-4,Ashish SinghAdnan GutubAnand NayyarMuhammad Khurram Khan,2022,http://link.springer.com/article/10.1007/s11042-022-14006-4,Article,,,,,,,,,
Blockchain in Context,Information Systems Frontiers,,22,1,10.1007/s10796-019-09946-6,Andrew J. EhrenbergJohn Leslie King,2020,http://link.springer.com/article/10.1007/s10796-019-09946-6,Article,,,,,,,,,
The performance evaluation of corporate universities,Tertiary Education and Management,,23,3,10.1080/13583883.2017.1329452,Giuseppe CappielloGiulio Pedrini,2017,http://link.springer.com/article/10.1080/13583883.2017.1329452,Article,,,,,,,,,
India’s response to adolescent mental health: a policy review and stakeholder analysis,Social Psychiatry and Psychiatric Epidemiology,,54,4,10.1007/s00127-018-1647-2,Kallol RoySachin ShindeBidyut K. SarkarKanika MalikRachana ParikhVikram Patel,2019,http://link.springer.com/article/10.1007/s00127-018-1647-2,Article,,,,,,,,,
The emergence of a Syriac Orthodox Mayan Church in Guatemala,International Journal of Latin American Religions,,3,2,10.1007/s41603-019-00083-1,Anna Hager,2019,http://link.springer.com/article/10.1007/s41603-019-00083-1,Article,,,,,,,,,
Blockchain applied to the construction supply chain: A case study with threat model,Frontiers of Engineering Management,,7,4,10.1007/s42524-020-0129-x,Gjorgji ShemovBorja Garcia de SotoHoda Alkhzaimi,2020,http://link.springer.com/article/10.1007/s42524-020-0129-x,Article,,,,,,,,,
Democratic decentralisation and promotion of accountability in urban development in Bangladesh,Journal of Social and Economic Development,,23,1,10.1007/s40847-021-00150-4,Ashiq Ur RahmanZakir Hossain,2021,http://link.springer.com/article/10.1007/s40847-021-00150-4,Article,,,,,,,,,
"Inter-organisational communication: organisational future orientation, inter-organisational interaction quality and inter-organisational group mechanism",Journal of International Humanitarian Action,,7,1,10.1186/s41018-021-00110-x,Henry MutebiMose MuhweziJoseph M. NtayiJohn C. Munene,2022,http://link.springer.com/article/10.1186/s41018-021-00110-x,Article,,,,,,,,,
External accountability of collaborative arrangements; a case study of a Multi Academy Trust in England,"Educational Assessment, Evaluation and Accountability",,29,4,10.1007/s11092-017-9267-z,Melanie C. M. EhrenDavid Godfrey,2017,http://link.springer.com/article/10.1007/s11092-017-9267-z,Article,,,,,,,,,
The End of ‘Corporate’ Governance: Hello ‘Platform’ Governance,European Business Organization Law Review,,20,1,10.1007/s40804-019-00137-z,Mark FenwickJoseph A. McCaheryErik P. M. Vermeulen,2019,http://link.springer.com/article/10.1007/s40804-019-00137-z,Article,,,,,,,,,
Autonomous VOs management based on industry 4.0: a systematic literature review,Journal of Intelligent Manufacturing,,,,10.1007/s10845-021-01850-8,Cindy-Pamela LopezJose AguilarMarco Santorum,2021,http://link.springer.com/article/10.1007/s10845-021-01850-8,Article,,,,,,,,,
Rural vitalization in China: A perspective of land consolidation,Journal of Geographical Sciences,,29,4,10.1007/s11442-019-1599-9,Hualou LongYingnan ZhangShuangshuang Tu,2019,http://link.springer.com/article/10.1007/s11442-019-1599-9,Article,,,,,,,,,
OpenLitterMap.com – Open Data on Plastic Pollution with Blockchain Rewards (Littercoin),"Open Geospatial Data, Software and Standards",,3,1,10.1186/s40965-018-0050-y,Seán Lynch,2018,http://link.springer.com/article/10.1186/s40965-018-0050-y,Article,,,,,,,,,
Blockchain and society,Informatik Spektrum,,43,1,10.1007/s00287-020-01246-7,Toni Caradonna,2020,http://link.springer.com/article/10.1007/s00287-020-01246-7,Article,,,,,,,,,
The offer network protocol: Mathematical foundations and a roadmap for the development of a global brain,The European Physical Journal Special Topics,,226,2,10.1140/epjst/e2016-60241-5,Francis Heylighen,2017,http://link.springer.com/article/10.1140/epjst/e2016-60241-5,Article,,,,,,,,,
Powering and puzzling: climate change adaptation policies in Bangladesh and India,"Environment, Development and Sustainability",,23,2,10.1007/s10668-020-00676-3,Ryan StockSumit VijAsif Ishtiaque,2021,http://link.springer.com/article/10.1007/s10668-020-00676-3,Article,,,,,,,,,
Interbank rules during economic declines: Can banks safeguard capital base?,Journal of Economic Interaction and Coordination,,15,2,10.1007/s11403-018-0228-5,Mitja SteinbacherTimotej Jagrič,2020,http://link.springer.com/article/10.1007/s11403-018-0228-5,Article,,,,,,,,,
A Methodological Proposal for the Complementarity of the SSM and the VSM for the Analysis of Viability in Organizations,Systemic Practice and Action Research,,34,3,10.1007/s11213-020-09536-7,Ana Gabriela Ramírez-GutiérrezPedro Pablo Cardoso-CastroRicardo Tejeida-Padilla,2021,http://link.springer.com/article/10.1007/s11213-020-09536-7,Article,,,,,,,,,
Penetration testing framework for smart contract Blockchain,Peer-to-Peer Networking and Applications,,14,5,10.1007/s12083-020-00991-6,Akashdeep BhardwajSyed Bilal Hussian ShahAchyut ShankarMamoun AlazabManoj KumarThippa Reddy Gadekallu,2021,http://link.springer.com/article/10.1007/s12083-020-00991-6,Article,,,,,,,,,
Proppant Crushing Mechanisms Under Reservoir Conditions: Insights into Long-Term Integrity of Unconventional Energy Production,Natural Resources Research,,28,3,10.1007/s11053-018-9441-0,K. M. A. S. BandaraP. G. RanjithT. D. Rathnaweera,2019,http://link.springer.com/article/10.1007/s11053-018-9441-0,Article,,,,,,,,,
Blockchain and investment: An Austrian approach,The Review of Austrian Economics,,34,1,10.1007/s11138-020-00504-x,Darcy W E AllenChris BergSinclair DavidsonJason Potts,2021,http://link.springer.com/article/10.1007/s11138-020-00504-x,Article,,,,,,,,,
Blockchain Paradigm and Internet of Things,Wireless Personal Communications,,106,1,10.1007/s11277-019-06270-9,Valentin RakovicJovan KaramachoskiVladimir AtanasovskiLiljana Gavrilovska,2019,http://link.springer.com/article/10.1007/s11277-019-06270-9,Article,,,,,,,,,
Mapping the values of IoT,Journal of Information Technology,,33,4,10.1057/s41265-018-0054-1,Razvan NicolescuMichael HuthPetar RadanlievDavid De Roure,2018,http://link.springer.com/article/10.1057/s41265-018-0054-1,Article,,,,,,,,,
Shareholder Engagement and Custody Chains,European Business Organization Law Review,,23,3,10.1007/s40804-022-00256-0,Eilís Ferran,2022,http://link.springer.com/article/10.1007/s40804-022-00256-0,Article,,,,,,,,,
Decentralizing corporate governance? A praxeological inquiry,International Journal of Disclosure and Governance,,19,4,10.1057/s41310-022-00151-7,Scott L. MitchellMark D. PackardBrent B. Clark,2022,http://link.springer.com/article/10.1057/s41310-022-00151-7,Article,,,,,,,,,
Latent DIRICHLET allocation (LDA) based information modelling on BLOCKCHAIN technology: a review of trends and research patterns used in integration,Multimedia Tools and Applications,,81,25,10.1007/s11042-022-13500-z,Chetan SharmaShamneesh SharmaSakshi,2022,http://link.springer.com/article/10.1007/s11042-022-13500-z,Article,,,,,,,,,
Α proposed organizational structure that contributes to the efficient handling of risk in an approved training organization (ATO),SN Business & Economics,,1,7,10.1007/s43546-021-00093-2,Ayse Kucuk YilmazKonstantinos Malagas,2021,http://link.springer.com/article/10.1007/s43546-021-00093-2,Article,,,,,,,,,
Editorial: EAIT 21 − 7 (August 2022),Education and Information Technologies,,27,7,10.1007/s10639-022-11264-5,Arthur Tatnall,2022,http://link.springer.com/article/10.1007/s10639-022-11264-5,Article,,,,,,,,,
Conflict resolution in meta-organizations: the peculiar role of arbitration,Journal of Organization Design,,6,1,10.1186/s41469-017-0013-2,Klaus HeineMaximilian Kerk,2017,http://link.springer.com/article/10.1186/s41469-017-0013-2,Article,,,,,,,,,
Health Heatmap of India: An Open Data Platform,Journal of the Indian Institute of Science,,100,4,10.1007/s41745-020-00196-z,Akshay S. DineshVarnita MathurB. R. AnsilVijay ChandruRavi ChellamAbi Tamim VanakUma RamakrishnanPrabhakar Rajagopal,2020,http://link.springer.com/article/10.1007/s41745-020-00196-z,Article,,,,,,,,,
Site selection of straw collection and storage facilities considering carbon emission reduction,Environmental Science and Pollution Research,,,,10.1007/s11356-021-15581-z,Jia MaoQi SunChanghai MaMing Tang,2021,http://link.springer.com/article/10.1007/s11356-021-15581-z,Article,,,,,,,,,
Entrepreneurship as a new liberal art,Small Business Economics,,52,2,10.1007/s11187-018-0099-0,Ted BakerE. Erin Powell,2019,http://link.springer.com/article/10.1007/s11187-018-0099-0,Article,,,,,,,,,
Innovative business development: identifying and supporting future radical innovators,"Leadership, Education, Personality: An Interdisciplinary Journal",,2,1,10.1365/s42681-020-00008-z,Sina SchmidtDietrich von der Oelsnitz,2020,http://link.springer.com/article/10.1365/s42681-020-00008-z,Article,,,,,,,,,
Phantom state in Haiti: criminal sovereignty and the mercenary remedy,Trends in Organized Crime,,,,10.1007/s12117-022-09460-3,César NiñoCamilo González,2022,http://link.springer.com/article/10.1007/s12117-022-09460-3,Article,,,,,,,,,
Conflict management programs in trans-disciplinary research projects: the case of a food security project in Tanzania,Food Security,,9,6,10.1007/s12571-016-0643-1,Katharina LöhrChristian HochmuthFrieder GraefJane WamburaStefan Sieber,2017,http://link.springer.com/article/10.1007/s12571-016-0643-1,Article,,,,,,,,,
Which urban communities are susceptible to COVID-19? An empirical study through the lens of community resilience,BMC Public Health,,22,1,10.1186/s12889-021-12419-8,Chunyu ShiLiao LiaoHuan LiZhenhua Su,2022,http://link.springer.com/article/10.1186/s12889-021-12419-8,Article,,,,,,,,,
A tale of two civilizations in the era of Facebook and blockchain,Small Business Economics,,49,4,10.1007/s11187-017-9949-4,Hernando de Soto,2017,http://link.springer.com/article/10.1007/s11187-017-9949-4,Article,,,,,,,,,
The complexity of scaling up an mHealth intervention: the case of SMS for Life in Tanzania from a health systems integration perspective,BMC Health Services Research,,21,1,10.1186/s12913-021-06285-8,Carmen Sant FruchtmanSelemani MbuyitaMary Mwanyika-SandoMarcel BraunDon de SavignyDaniel Cobos Muñoz,2021,http://link.springer.com/article/10.1186/s12913-021-06285-8,Article,,,,,,,,,
Concentration despite competition: The organizational ecology of technical assistance providers,The Review of International Organizations,,15,1,10.1007/s11558-018-9322-7,Jean-Frédéric Morin,2020,http://link.springer.com/article/10.1007/s11558-018-9322-7,Article,,,,,,,,,
Welfare society and welfare state in the Japanese-type discourse on civil society,Evolutionary and Institutional Economics Review,,16,2,10.1007/s40844-019-00135-3,Nanako Fujita,2019,http://link.springer.com/article/10.1007/s40844-019-00135-3,Article,,,,,,,,,
Transaction costs in the evolution of transnational polycentric governance,"International Environmental Agreements: Politics, Law and Economics",,17,5,10.1007/s10784-016-9335-8,Caleb Gallemore,2017,http://link.springer.com/article/10.1007/s10784-016-9335-8,Article,,,,,,,,,
Rank Has Its Privileges: Explaining Why Laboratory Safety Is a Persistent Challenge,Journal of Business Ethics,,,,10.1007/s10551-022-05169-z,Gokce BasbugAyn CavicchiSusan S. Silbey,2022,http://link.springer.com/article/10.1007/s10551-022-05169-z,Article,,,,,,,,,
The Revolution of Blockchain: State-of-the-Art and Research Challenges,Archives of Computational Methods in Engineering,,28,3,10.1007/s11831-020-09426-0,Suyel NamasudraGanesh Chandra DekaPrashant JohriMohammad HosseinpourAmir H. Gandomi,2021,http://link.springer.com/article/10.1007/s11831-020-09426-0,Article,,,,,,,,,
A Blockchain Research Framework,Business & Information Systems Engineering,,59,6,10.1007/s12599-017-0506-0,Dr. Marten RisiusDr. Kai Spohrer,2017,http://link.springer.com/article/10.1007/s12599-017-0506-0,Article,,,,,,,,,
Disputed Territories in Southeastern Brazil: Effects of the Serra da Bocaina National Park on Nearby Coastal Communities,Environmental Management,,66,6,10.1007/s00267-020-01366-6,Rodrigo Rodrigues de FreitasLuciana Gomes de Araujo,2020,http://link.springer.com/article/10.1007/s00267-020-01366-6,Article,,,,,,,,,
Adjusting food practices to climate prescriptions: vegetable gardening as a way to reduce food-related greenhouse gas emissions,"Review of Agricultural, Food and Environmental Studies",,100,1 - 4,10.1007/s41130-019-00087-7,Laurence Granchamp,2019,http://link.springer.com/article/10.1007/s41130-019-00087-7,Article,,,,,,,,,
A contextually adapted model of school engagement in Kazakhstan,Current Psychology,,41,4,10.1007/s12144-020-00758-5,Liz WinterDaniel Hernández-TorranoRos McLellanAinur AlmukhambetovaEva Brown-Hajdukova,2022,http://link.springer.com/article/10.1007/s12144-020-00758-5,Article,,,,,,,,,
RETRACTED ARTICLE: Structural strength of loess in mountainous areas and optimization of rural public management services based on 5G Internet of Things,Arabian Journal of Geosciences,,14,15,10.1007/s12517-021-07975-7,Yue Wang,2021,http://link.springer.com/article/10.1007/s12517-021-07975-7,Article,,,,,,,,,
"State formation, social unrest and cultural distance",Journal of Economic Growth,,27,3,10.1007/s10887-022-09205-5,Giampaolo LecceLaura OgliariTommaso Orlando,2022,http://link.springer.com/article/10.1007/s10887-022-09205-5,Article,,,,,,,,,
The impact of blockchain technology on business models – a taxonomy and archetypal patterns,Electronic Markets,,30,2,10.1007/s12525-019-00386-3,Jörg WekingMichael MandalenakisAndreas HeinSebastian HermesMarkus BöhmHelmut Krcmar,2020,http://link.springer.com/article/10.1007/s12525-019-00386-3,Article,,,,,,,,,
Cloud microphysical profile differences pertinent to monsoon phases: inferences from a cloud radar,Meteorology and Atmospheric Physics,,131,6,10.1007/s00703-019-00666-9,Patra SukanyaM. C. R. Kalapureddy,2019,http://link.springer.com/article/10.1007/s00703-019-00666-9,Article,,,,,,,,,
Live video streaming service with pay-as-you-use model on Ethereum Blockchain and InterPlanetary file system,Wireless Networks,,28,7,10.1007/s11276-022-03009-6,Elio Jordan LopesShaolin KatariaShashank KeshavSumaiya Thaseen IkramMuhammad Rukunuddin GhalibAchyut ShankarMoez Krichen,2022,http://link.springer.com/article/10.1007/s11276-022-03009-6,"Article""Influence of Collaboration in Sustainable Manufacturing Networks",Collaborative Networks in Digitalization and Society 5.0,,,,10.1007/978-3-031-14844-6_1,Paula GraçaLuis M. Camarinha-Matos,2022,http://link.springer.com/chapter/10.1007/978-3-031-14844-6_1,Chapter
Blockchain-Based Location Sharing in 5G Open RAN Infrastructure for Sustainable Communities,Intelligent Sustainable Systems,,,,10.1007/978-981-16-6309-3_54,Mojtaba EnayatiS. Sree LekshmiTom TobyMakarand PrabhuK. P. RahulS. ParvathySeshaiah Ponnekanti,2022,http://link.springer.com/chapter/10.1007/978-981-16-6309-3_54,Chapter,,,,,,,,,
Early Identification of Potential Distributed Ledger Technology Business Cases Using e3value Models,Advances in Conceptual Modeling,,,,10.1007/978-3-030-34146-6_7,Geert PoelsFadime KayaMichaël VerdonckJaap Gordijn,2019,http://link.springer.com/chapter/10.1007/978-3-030-34146-6_7,Chapter,,,,,,,,,
Regulatory Considerations on Centralized Aspects of DeFi Managed by DAOs,Financial Cryptography and Data Security. FC 2021 International Workshops,,,,10.1007/978-3-662-63958-0_2,Ryosuke UshidaJames Angel,2021,http://link.springer.com/chapter/10.1007/978-3-662-63958-0_2,Chapter,,,,,,,,,
How Designers Can Act Inside the Design Objects,Cross-Cultural Design. Interaction Design Across Cultures,,,,10.1007/978-3-031-06038-0_15,Danwen JiTinglei CaoHangping Yang,2022,http://link.springer.com/chapter/10.1007/978-3-031-06038-0_15,Chapter,,,,,,,,,
Research on the Ecological Quality Improvement Path of Existing Urban Residential Area,LISS 2021,,,,10.1007/978-981-16-8656-6_34,Zhidong ZhangBoyang LiuYang Mao,2022,http://link.springer.com/chapter/10.1007/978-981-16-8656-6_34,Chapter,,,,,,,,,
The Role of Digital Assets in Transforming Corporate Relations,Proceedings of the International Scientific Conference “Smart Nations: Global Trends In The Digital Economy”,,,,10.1007/978-3-030-94870-2_10,N. S. KulyasovV. A. OpekunovYu. P. Tikhonov,2022,http://link.springer.com/chapter/10.1007/978-3-030-94870-2_10,Chapter,,,,,,,,,
"Leveraging Design Thinking Towards the Convergence of AI, IoT and Blockchain: Strategic Drivers and Human-Centered Use Cases","HCI International 2022 - Late Breaking Papers. Design, User Experience and Interaction",,,,10.1007/978-3-031-17615-9_10,Maximilian TiggesChloé IpertRené Mauer,2022,http://link.springer.com/chapter/10.1007/978-3-031-17615-9_10,Chapter,,,,,,,,,
Rural and Gastronomical Tourism in Baltic Countries,Emerging Issues in the Global Economy,,,,10.1007/978-3-319-71876-7_23,Virgil NiculaSimona Spânu,2018,http://link.springer.com/chapter/10.1007/978-3-319-71876-7_23,Chapter,,,,,,,,,
Experiential Learning in Digital Contexts―A Case Study,Innovative Approaches to Technology-Enhanced Learning for the Workplace and Higher Education,,,,10.1007/978-3-031-21569-8_17,Christoph Knoblauch,2023,http://link.springer.com/chapter/10.1007/978-3-031-21569-8_17,Chapter,,,,,,,,,
Provision of Cybersecurity in Ukraine: Issues of Legal Responsibility,Integrated Computer Technologies in Mechanical Engineering,,,,10.1007/978-3-030-37618-5_22,T. G. KatkovaA. M. StiebielievS. E. ChmykhunM. Zh. Mkrtchan,2020,http://link.springer.com/chapter/10.1007/978-3-030-37618-5_22,Chapter,,,,,,,,,
Emerging Community Energy Ecosystems: Analysis of Organizational and Governance Structures of Selected Representative Cases,Technological Innovation for Industry and Service Systems,,,,10.1007/978-3-030-17771-3_3,Kankam O. Adu-KankamLuis M. Camarinha-Matos,2019,http://link.springer.com/chapter/10.1007/978-3-030-17771-3_3,Chapter,,,,,,,,,
Blockchain and AI in Art: A Quick Look into Contemporary Art Industries,Blockchain and Applications,,,,10.1007/978-3-030-86162-9_27,Marko SuvajdzicDragana StojanovićIryna Kanishcheva,2022,http://link.springer.com/chapter/10.1007/978-3-030-86162-9_27,Chapter,,,,,,,,,
Online Knowledge Community Governance Based on Blockchain Token Incentives,Knowledge and Systems Sciences,,,,10.1007/978-981-15-1209-4_5,Li ZhihongZhang Jie,2019,http://link.springer.com/chapter/10.1007/978-981-15-1209-4_5,Chapter,,,,,,,,,
TrustSECO: A Distributed Infrastructure for Providing Trust in the Software Ecosystem,Advanced Information Systems Engineering Workshops,,,,10.1007/978-3-030-79022-6_11,Fang HouSiamak FarshidiSlinger Jansen,2021,http://link.springer.com/chapter/10.1007/978-3-030-79022-6_11,Chapter,,,,,,,,,
Smart Contracts-Based Trusted Crowdfunding Platform,Intelligent Communication Technologies and Virtual Mobile Networks,,,,10.1007/978-981-19-1844-5_37,K. S. Chandraprabha,2023,http://link.springer.com/chapter/10.1007/978-981-19-1844-5_37,Chapter,,,,,,,,,
"Introduction: Legal and Ethical Dimensions of AI, NorMAS, and the Web of Data",AI Approaches to the Complexity of Legal Systems,,,,10.1007/978-3-030-00178-0_1,Ugo PagalloMonica PalmiraniPompeu CasanovasGiovanni SartorSerena Villata,2018,http://link.springer.com/chapter/10.1007/978-3-030-00178-0_1,Chapter,,,,,,,,,
Research on Improvement of Community Public Health Service Based on Scientific Decision,Recent Trends in Decision Science and Management,,,,10.1007/978-981-15-3588-8_26,He WeiLiu Qingqing,2020,http://link.springer.com/chapter/10.1007/978-981-15-3588-8_26,Chapter,,,,,,,,,
Developing Blockchain-Based Crowdfunding Model for Property Investment,Innovations in Digital Economy,,,,10.1007/978-3-030-84845-3_2,Mohammed Ali BerawiMohamad Khaerun Zuhry RadjilunMustika Sari,2021,http://link.springer.com/chapter/10.1007/978-3-030-84845-3_2,Chapter,,,,,,,,,
Collaborative Project Management Framework for Partner Network Initiation in Machining Domain,Proceedings of the 18th Online World Conference on Soft Computing in Industrial Applications (WSC18),,,,10.1007/978-3-030-00612-9_19,Eduard ShevtshenkoIgor PolyantchikovKashif MahmoodTaivo KangilaskiAlexander NortaTatjana KaraulovaArdo Perm,2019,http://link.springer.com/chapter/10.1007/978-3-030-00612-9_19,Chapter,,,,,,,,,
Blockchain Governance: A Dynamic View,Software Business,,,,10.1007/978-3-030-91983-2_6,Gabriella LaatikainenMengcheng LiPekka Abrahamsson,2021,http://link.springer.com/chapter/10.1007/978-3-030-91983-2_6,Chapter,,,,,,,,,
May Technology Support Aging? Diverse Users’ Opinions on Aging and Use of Health-Supporting Technology,Information and Communication Technologies for Ageing Well and e-Health,,,,10.1007/978-3-030-52677-1_2,Wiktoria WilkowskaJulia Offermann-van HeekMartina Ziefle,2020,http://link.springer.com/chapter/10.1007/978-3-030-52677-1_2,Chapter,,,,,,,,,
Study on the Dilemma and Countermeasures of Rural Emergency Management Under COVID-19—A Case Analysis Based on the Rural Areas Around Chengdu,Proceedings of the Sixteenth International Conference on Management Science and Engineering Management – Volume 2,,,,10.1007/978-3-031-10385-8_51,Min WuRui ChenZihan HuXiangao ZhangYuanyuan ChenLanqing Liang,2022,http://link.springer.com/chapter/10.1007/978-3-031-10385-8_51,Chapter,,,,,,,,,
Introduction: The Challenges and Opportunities of Blockchain Technologies,"Blockchain, Law and Governance",,,,10.1007/978-3-030-52722-8_1,Benedetta CappielloGherardo Carullo,2021,http://link.springer.com/chapter/10.1007/978-3-030-52722-8_1,Chapter,,,,,,,,,
What is Governance of Blockchains? A Comparison of Theoretical and Empirical Findings on a Taxonomy-Level,Sustainable Digital Transformation,,,,10.1007/978-3-031-15770-7_18,Koen SmitSam LeewisRobin de JongJohn van Meerten,2023,http://link.springer.com/chapter/10.1007/978-3-031-15770-7_18,Chapter,,,,,,,,,
Neuroeconomic Modeling of Distributed Barter Systems,Advances in Artificial Systems for Power Engineering II,,,,10.1007/978-3-030-97064-2_5,I. V. StepanyanM. A. Chirkov,2022,http://link.springer.com/chapter/10.1007/978-3-030-97064-2_5,Chapter,,,,,,,,,
Mkulima Platform: An Inclusive Business Platform Ecosystem that Integrates African Small-Scale Farmers into Agricultural Value Chain,e-Infrastructure and e-Services for Developing Countries,,,,10.1007/978-3-031-06374-9_26,Muthoni MasindePaulina PhoobaneJason Brown,2022,http://link.springer.com/chapter/10.1007/978-3-031-06374-9_26,Chapter,,,,,,,,,
ICOs Overview: Should Investors Choose an ICO Developed with the Lean Startup Methodology?,Agile Processes in Software Engineering and Extreme Programming,,,,10.1007/978-3-319-91602-6_21,Simona IbbaAndrea PinnaGavina BarallaMichele Marchesi,2018,http://link.springer.com/chapter/10.1007/978-3-319-91602-6_21,Chapter,,,,,,,,,
Cognitive Complexity Analysis of Learning-Related Texts: A Case Study on School Textbooks,"Methodologies and Intelligent Systems for Technology Enhanced Learning, 10th International Conference",,,,10.1007/978-3-030-52538-5_9,Syaamantak DasShyamal Kumar Das MandalAnupam Basu,2020,http://link.springer.com/chapter/10.1007/978-3-030-52538-5_9,Chapter,,,,,,,,,
Blockchain-Based Pharmaceutical Supply Chain: A Literature Review,"Advances on P2P, Parallel, Grid, Cloud and Internet Computing",,,,10.1007/978-3-030-89899-1_11,Abeer MirdadFarookh Khadeer Hussain,2022,http://link.springer.com/chapter/10.1007/978-3-030-89899-1_11,Chapter,,,,,,,,,
Community Education and Diversity in Digital Contexts: Curricular and Empirical Perspectives,Innovative Approaches to Technology-Enhanced Learning for the Workplace and Higher Education,,,,10.1007/978-3-031-21569-8_55,Christoph KnoblauchAnselm Böhmer,2023,http://link.springer.com/chapter/10.1007/978-3-031-21569-8_55,Chapter,,,,,,,,,
Secure Consistency Verification for Untrusted Cloud Storage by Public Blockchains,Security and Privacy in Communication Networks,,,,10.1007/978-3-030-37228-6_3,Kai LiYuzhe TangBeom Heyn (Ben) KimJianliang Xu,2019,http://link.springer.com/chapter/10.1007/978-3-030-37228-6_3,Chapter,,,,,,,,,
"The Learning Organization in a Small Government Unit: Case Study of the Center for Academic Services, Srinakharinwirot University, Thailand","Advances in Human Factors, Business Management, Training and Education",,,,10.1007/978-3-319-42070-7_115,Unchana KlentienWeeranan Kamnungwut,2017,http://link.springer.com/chapter/10.1007/978-3-319-42070-7_115,Chapter,,,,,,,,,
Decentralized Autonomous Video Copyright Protection,Proceedings of the Future Technologies Conference (FTC) 2019,,,,10.1007/978-3-030-32523-7_33,Qifeng ChenShiyu ZhangWilson Wei,2020,http://link.springer.com/chapter/10.1007/978-3-030-32523-7_33,Chapter,,,,,,,,,
Decentralising the Digital Economy: The Blockchain and Competition Remedy,"Explore Business, Technology Opportunities and Challenges ‎After the Covid-19 Pandemic",,,,10.1007/978-3-031-08954-1_109,Syed Mohammad YawarRahul Shaw,2023,http://link.springer.com/chapter/10.1007/978-3-031-08954-1_109,Chapter,,,,,,,,,
Reconstruction of Resettlement Community from the Perspective of Rural Memory—A Case Study of Chun Xin Yuan in Shanghai,Innovating Strategies and Solutions for Urban Performance and Regeneration,,,,10.1007/978-3-030-98187-7_1,Xi ChenYan HuaJun Wang,2022,http://link.springer.com/chapter/10.1007/978-3-030-98187-7_1,Chapter,,,,,,,,,
Education and Professional Training in Tourism and Hospitality: The Case of Portuguese Travel Agents,Cultural Sustainable Tourism,,,,10.1007/978-3-031-10800-6_14,Lígia Maria Rocha Pinto RibeiroEduardo Cândido Cordeiro GonçalvesRicardo Jorge da Costa Guerra,2022,http://link.springer.com/chapter/10.1007/978-3-031-10800-6_14,Chapter,,,,,,,,,
"ICTs Connecting Global Citizens, Global Dialogue and Global Governance. A Call for Needful Designs",Applied Informatics,,,,10.1007/978-3-030-32475-9_33,Wolfgang HofkirchnerJosé María Díaz-NafríaPeter CrowleyWilfried GrafGudrun KramerHans-Jörg KreowskiWerner Wintersteiner,2019,http://link.springer.com/chapter/10.1007/978-3-030-32475-9_33,Chapter,,,,,,,,,
Cultural Micro-nodes for Smart Cities,Marketing and Smart Technologies,,,,10.1007/978-981-16-9272-7_5,Carole EdrichDrago Indjic,2022,http://link.springer.com/chapter/10.1007/978-981-16-9272-7_5,Chapter,,,,,,,,,
An Effective Hybridized Classifier Integrated with Homomorphic Encryption to Enhance Big Data Security,EAI International Conference on Big Data Innovation for Sustainable Cognitive Computing,,,,10.1007/978-3-030-19562-5_35,R. UdendhranM. Balamurgan,2020,http://link.springer.com/chapter/10.1007/978-3-030-19562-5_35,Chapter,,,,,,,,,
"ERP, for Effective Governance of the Tourism Sector",Advanced Intelligent Systems for Sustainable Development (AI2SD’2019),,,,10.1007/978-3-030-36671-1_62,Rachdi YoussefEl Felsoufi ZoubirNassiri KhalidSefiani Naoufal,2020,http://link.springer.com/chapter/10.1007/978-3-030-36671-1_62,Chapter,,,,,,,,,
Research on Business Models Evolution and Strategies of Digital Companies,Proceedings of the International Scientific Conference “Smart Nations: Global Trends In The Digital Economy”,,,,10.1007/978-3-030-94870-2_2,V. V. GodinA. E. Terekhova,2022,http://link.springer.com/chapter/10.1007/978-3-030-94870-2_2,Chapter,,,,,,,,,
Governance Characteristics of Dhaka City for Ensuring Implementation of Land Use Planning,AUC 2019,,,,10.1007/978-981-15-5608-1_9,Musfera Jahan,2021,http://link.springer.com/chapter/10.1007/978-981-15-5608-1_9,Chapter,,,,,,,,,
DISTiL: DIStributed Industrial Computing Environment for Trustworthy DigiTaL Workflows: A Design Perspective,"Leveraging Applications of Formal Methods, Verification and Validation. Practice",,,,10.1007/978-3-031-19762-8_16,Alan McGibneySourabh Bharti,2022,http://link.springer.com/chapter/10.1007/978-3-031-19762-8_16,Chapter,,,,,,,,,
Smart Contracts and New Technologies of Management in the Digital Environment of Organization,"'Smart Technologies' for Society, State and Economy",,,,10.1007/978-3-030-59126-7_150,Vladimir V. GodinAnna E. Terekhova,2021,http://link.springer.com/chapter/10.1007/978-3-030-59126-7_150,Chapter,,,,,,,,,
The Role of Projects in the Process of Transforming Automotive Industry,"Research on Project, Programme and Portfolio Management",,,,10.1007/978-3-030-60139-3_9,Reinhard Wagner,2021,http://link.springer.com/chapter/10.1007/978-3-030-60139-3_9,Chapter,,,,,,,,,
Organizing for Industry 4.0,Do Machines Dream of Electric Workers?,,,,10.1007/978-3-030-83321-3_1,Fabrizio Maimone,2022,http://link.springer.com/chapter/10.1007/978-3-030-83321-3_1,Chapter,,,,,,,,,
Leveraging Artificial Intelligence for Enforcing Competition in the Digital Economy,From the Internet of Things to the Internet of Ideas: The Role of Artificial Intelligence,,,,10.1007/978-3-031-17746-0_33,Syed Mohammad YawarRahul Shaw,2023,http://link.springer.com/chapter/10.1007/978-3-031-17746-0_33,Chapter,,,,,,,,,
Construction of English Learning Community in the Smart City Environment,The 2020 International Conference on Machine Learning and Big Data Analytics for IoT Security and Privacy,,,,10.1007/978-3-030-62746-1_82,Liying Gao,2021,http://link.springer.com/chapter/10.1007/978-3-030-62746-1_82,Chapter,,,,,,,,,
The Possibilities of the Optimization of Managing Organizations of Education Sector,Eurasian Business and Economics Perspectives,,,,10.1007/978-3-030-85304-4_6,Zuzana StoličnáJana Barjaková,2021,http://link.springer.com/chapter/10.1007/978-3-030-85304-4_6,Chapter,,,,,,,,,
Management of Smart City in Lens of Viable System Approach,Advances in the Human Side of Service Engineering,,,,10.1007/978-3-030-80840-2_11,Leonard WalletzkýLuca CarrubboFrantiška Romanovská,2021,http://link.springer.com/chapter/10.1007/978-3-030-80840-2_11,Chapter,,,,,,,,,
Knowledge Life Cycle Management as a Key Aspect of Digitalization,"Knowledge Discovery, Knowledge Engineering and Knowledge Management",,,,10.1007/978-3-030-66196-0_20,Eduard BabkinTanja PoletaevaBoris Ulitin,2020,http://link.springer.com/chapter/10.1007/978-3-030-66196-0_20,Chapter,,,,,,,,,
Resilience of Critical Infrastructures: Benefits and Challenges from Emerging Practices and Programmes at Local Level,Resilience and Risk,,,,10.1007/978-94-024-1123-2_8,Paolo TruccoBoris Petrenj,2017,http://link.springer.com/chapter/10.1007/978-94-024-1123-2_8,Chapter,,,,,,,,,
Blockchain and Risk in Supply Chain Management,Dynamics in Logistics,,,,10.1007/978-3-030-44783-0_15,Rami AlkhudaryXavier BrussetPierre Fenies,2020,http://link.springer.com/chapter/10.1007/978-3-030-44783-0_15,Chapter,,,,,,,,,
Industrial Hygiene in the Pharmaceutical Industry,Advances in Industrial Safety,,,,10.1007/978-981-15-6852-7_27,G. Vijay SamuelSudarshan ChoudharyS. S. VenugopalA. R. RohithSurya Sekhar PalAkshatha JainAbhishek AlbertR. Sivashankar,2020,http://link.springer.com/chapter/10.1007/978-981-15-6852-7_27,Chapter,,,,,,,,,
Intersection of AI and Blockchain Technology: Concerns and Prospects,"The International Conference on Deep Learning, Big Data and Blockchain (Deep-BDB 2021)",,,,10.1007/978-3-030-84337-3_5,K. B. VikhyathR. K. SanjanaN. V. Vismitha,2022,http://link.springer.com/chapter/10.1007/978-3-030-84337-3_5,Chapter,,,,,,,,,
Blockchain and Trust: A Practice-Based Inquiry,"HCI in Business, Government and Organizations. eCommerce and Consumer Behavior",,,,10.1007/978-3-030-22335-9_10,Michael HeidtArne BergerAndreas Bischof,2019,http://link.springer.com/chapter/10.1007/978-3-030-22335-9_10,Chapter,,,,,,,,,
Developing a Vehicle Networking Platform Based on Blockchain Technology,Blockchain – ICBC 2019,,,,10.1007/978-3-030-23404-1_13,Siu-Yeung ChoNingyuan ChenXiuping Hua,2019,http://link.springer.com/chapter/10.1007/978-3-030-23404-1_13,Chapter,,,,,,,,,
Webs of Trust: Choosing Who to Trust on the Internet,Privacy Technologies and Policy,,,,10.1007/978-3-030-55196-4_7,Matteo Dell’Amico,2020,http://link.springer.com/chapter/10.1007/978-3-030-55196-4_7,Chapter,,,,,,,,,
Linked Data and Musical Information to Improvement the Cultural and Heritage Knowledge Management,Trends and Applications in Software Engineering,,,,10.1007/978-3-030-33547-2_12,Nelson PiedraJean Paúl Mosquera Arévalo,2020,http://link.springer.com/chapter/10.1007/978-3-030-33547-2_12,Chapter,,,,,,,,,
SoliNomic: A Self-modifying Smart Contract Game Exploring Reflexivity in Law,"Disruptive Technologies in Media, Arts and Design",,,,10.1007/978-3-030-93780-5_1,Joshua EllulGordon J. Pace,2022,http://link.springer.com/chapter/10.1007/978-3-030-93780-5_1,Chapter,,,,,,,,,
Business Ecosystem: More Than a New Name for Supply Chain?,Eurasian Business and Economics Perspectives,,,,10.1007/978-3-030-94036-2_7,Vanessa FelchEric SuckyLeonie Schwartz,2022,http://link.springer.com/chapter/10.1007/978-3-030-94036-2_7,Chapter,,,,,,,,,
Estimating the Productivity of the Bosnian–Herzegovinian Water Operators,"Collaboration and Integration in Construction, Engineering, Management and Technology",,,,10.1007/978-3-030-48465-1_64,Ivana DomljanVjekoslav Domljan,2021,http://link.springer.com/chapter/10.1007/978-3-030-48465-1_64,"Chapter""Computer Networks and Inventive Communication Technologies",Lecture Notes on Data Engineering and Communications Technologies,,,,10.1007/978-981-15-9647-6,S. SmysRam PalanisamyÁlvaro RochaGrigorios N. Beligiannis,2021,http://link.springer.com/book/10.1007/978-981-15-9647-6,Book
"Design, User Experience, and Usability. Design for Contemporary Interactive Environments",Lecture Notes in Computer Science,,,,10.1007/978-3-030-49760-6,Dr. Aaron MarcusElizabeth Rosenzweig,2020,http://link.springer.com/book/10.1007/978-3-030-49760-6,Book,,,,,,,,,
Strategic Innovative Marketing and Tourism,Springer Proceedings in Business and Economics,,,,10.1007/978-3-030-12453-3,Prof. Androniki KavouraProf. Efstathios KefallonitisApostolos Giovanis,2019,http://link.springer.com/book/10.1007/978-3-030-12453-3,Book,,,,,,,,,
Proceedings of the International Scientific Conference “Smart Nations: Global Trends In The Digital Economy”,Lecture Notes in Networks and Systems,,,,10.1007/978-3-030-94870-2,Prof. Svetlana Igorevna AshmarinaDr. Valentina Vyacheslavovna MantulenkoDr. Marek Vochozka,2022,http://link.springer.com/book/10.1007/978-3-030-94870-2,Book,,,,,,,,,
Metadata and Semantic Research,Communications in Computer and Information Science,,,,10.1007/978-3-030-98876-0,Dr. Emmanouel GaroufallouMaría-Antonia Ovalle-PerandonesAndreas Vlachidis,2022,http://link.springer.com/book/10.1007/978-3-030-98876-0,Book,,,,,,,,,
"Education, Research and Business Technologies","Smart Innovation, Systems and Technologies",,,,10.1007/978-981-16-8866-9,Assoc. Prof. Cristian CiureaProf. Cătălin BojaProf. Paul PocatiluAssoc. Prof. Mihai Doinea,2022,http://link.springer.com/book/10.1007/978-981-16-8866-9,Book,,,,,,,,,
Cross-Cultural Design. Interaction Design Across Cultures,Lecture Notes in Computer Science,,,,10.1007/978-3-031-06038-0,Prof. Pei-Luen Patrick Rau,2022,http://link.springer.com/book/10.1007/978-3-031-06038-0,Book,,,,,,,,,
Context-Aware Systems and Applications,"Lecture Notes of the Institute for Computer Sciences, Social Informatics and Telecommunications Engineering",,,,10.1007/978-3-030-93179-7,Phan Cong VinhAbdur Rakib,2021,http://link.springer.com/book/10.1007/978-3-030-93179-7,Book,,,,,,,,,
Dynamics in Logistics,Lecture Notes in Logistics,,,,10.1007/978-3-030-44783-0,Prof. Dr. Michael FreitagProf. Dr. Dr. h. c. Hans-Dietrich HaasisProf. Dr. Herbert KotzabDr. Jürgen Pannek,2020,http://link.springer.com/book/10.1007/978-3-030-44783-0,Book,,,,,,,,,
Financial Cryptography and Data Security. FC 2021 International Workshops,Lecture Notes in Computer Science,,,,10.1007/978-3-662-63958-0,Matthew BernhardDr. Andrea BraccialiLewis GudgeonThomas HainesAriah Klages-MundtProf. Shin'ichiro MatsuoDaniel PerezProf. Massimiliano SalaSam Werner,2021,http://link.springer.com/book/10.1007/978-3-662-63958-0,Book,,,,,,,,,
"Proceedings of Third International Conference on Computing, Communications, and Cyber-Security",Lecture Notes in Networks and Systems,,,,10.1007/978-981-19-1142-2,Pradeep Kumar SinghSławomir T. WierzchońSudeep TanwarJoel J. P. C. RodriguesMaria Ganzha,2023,http://link.springer.com/book/10.1007/978-981-19-1142-2,Book,,,,,,,,,
Proceedings of Seventh International Congress on Information and Communication Technology,Lecture Notes in Networks and Systems,,,,10.1007/978-981-19-2397-5,Dr. Xin-She YangDr. Simon SherrattDr. Nilanjan DeyDr. Amit Joshi,2023,http://link.springer.com/book/10.1007/978-981-19-2397-5,Book,,,,,,,,,
Sustainable Digital Transformation,Lecture Notes in Information Systems and Organisation,,,,10.1007/978-3-031-15770-7,Stefano ZaRobert WinterAlessandra Lazazzara,2023,http://link.springer.com/book/10.1007/978-3-031-15770-7,Book,,,,,,,,,
"HCI International 2022 - Late Breaking Papers. Design, User Experience and Interaction",Lecture Notes in Computer Science,,,,10.1007/978-3-031-17615-9,Masaaki KurosuSakae YamamotoHirohiko MoriMarcelo M. SoaresElizabeth RosenzweigAaron MarcusPei-Luen Patrick RauDon HarrisWen-Chin Li,2022,http://link.springer.com/book/10.1007/978-3-031-17615-9,Book,,,,,,,,,
Trends on Construction in the Digital Era,Lecture Notes in Civil Engineering,,,,10.1007/978-3-031-20241-4,António Gomes CorreiaMiguel AzenhaPaulo J. S. CruzPaulo NovaisPaulo Pereira,2023,http://link.springer.com/book/10.1007/978-3-031-20241-4,Book,,,,,,,,,
The Next Wave of Sociotechnical Design,Lecture Notes in Computer Science,,,,10.1007/978-3-030-82405-1,Leona Chandra KruseProf. Dr. Stefan SeidelGeir Inge Hausvik,2021,http://link.springer.com/book/10.1007/978-3-030-82405-1,Book,,,,,,,,,
Innovative Approaches to Technology-Enhanced Learning for the Workplace and Higher Education,Lecture Notes in Networks and Systems,,,,10.1007/978-3-031-21569-8,David GuralnickMichael E. AuerAntonella Poce,2023,http://link.springer.com/book/10.1007/978-3-031-21569-8,Book,,,,,,,,,
Cultural Sustainable Tourism,"Advances in Science, Technology & Innovation",,,,10.1007/978-3-031-10800-6,Ante MandićRui Alexandre CastanhoUglješa Stankov,2022,http://link.springer.com/book/10.1007/978-3-031-10800-6,Book,,,,,,,,,
[   ] With Design: Reinventing Design Modes,,,,,10.1007/978-981-19-4472-7,Gerhard BruynsHuaxin Wei,2022,http://link.springer.com/book/10.1007/978-981-19-4472-7,Book,,,,,,,,,
"Explore Business, Technology Opportunities and Challenges ‎After the Covid-19 Pandemic",Lecture Notes in Networks and Systems,,,,10.1007/978-3-031-08954-1,Assist. Prof. Bahaaeddin AlareeniProf. Dr. Allam Hamdan,2023,http://link.springer.com/book/10.1007/978-3-031-08954-1,Book,,,,,,,,,
Advances in Computing and Data Sciences,Communications in Computer and Information Science,,,,10.1007/978-3-030-81462-5,Mayank SinghProf. Dr. Vipin TyagiDr. P. K. GuptaProf. Jan FlusserTuncer ÖrenV. R. Sonawane,2021,http://link.springer.com/book/10.1007/978-3-030-81462-5,Book,,,,,,,,,
Software Business,Lecture Notes in Business Information Processing,,,,10.1007/978-3-030-91983-2,Xiaofeng WangAntonio MartiniDr. Anh Nguyen-DucDr. Viktoria Stray,2021,http://link.springer.com/book/10.1007/978-3-030-91983-2,Book,,,,,,,,,
Innovations in Digital Economy,Communications in Computer and Information Science,,,,10.1007/978-3-030-84845-3,Dmitrii RodionovTatiana KudryavtsevaAngi SkhvedianiMohammed Ali Berawi,2021,http://link.springer.com/book/10.1007/978-3-030-84845-3,Book,,,,,,,,,
Intelligent Sustainable Systems,Lecture Notes in Networks and Systems,,,,10.1007/978-981-16-6309-3,Prof. Atulya K. NagarProf. Dharm Singh JatDr. Gabriela Marín-RaventósDr. Durgesh Kumar Mishra,2022,http://link.springer.com/book/10.1007/978-981-16-6309-3,Book,,,,,,,,,
Computational Science and Its Applications – ICCSA 2021,Lecture Notes in Computer Science,,,,10.1007/978-3-030-86973-1,Prof. Dr. Osvaldo GervasiBeniamino MurganteDr. Sanjay MisraDr. Chiara GarauIvan BlečićDavid TaniarBernady O. ApduhanAna Maria A. C. RochaEufemia TarantinoCarmelo Maria Torre,2021,http://link.springer.com/book/10.1007/978-3-030-86973-1,Book,,,,,,,,,
"New Realities, Mobile Systems and Applications",Lecture Notes in Networks and Systems,,,,10.1007/978-3-030-96296-8,Michael E. AuerProf. Dr. Thrasyvoulos Tsiatsos,2022,http://link.springer.com/book/10.1007/978-3-030-96296-8,Book,,,,,,,,,
Proceedings of the 26th International Symposium on Advancement of Construction Management and Real Estate,Lecture Notes in Operations Research,,,,10.1007/978-981-19-5256-2,Hongling GuoDongping FangWeisheng LuYi Peng,2022,http://link.springer.com/book/10.1007/978-981-19-5256-2,Book,,,,,,,,,
From the Internet of Things to the Internet of Ideas: The Role of Artificial Intelligence,Lecture Notes in Networks and Systems,,,,10.1007/978-3-031-17746-0,Abdalmuttaleb M. A. Musleh Al-SartawiAnjum RazzaqueMuhammad Mustafa Kamal,2023,http://link.springer.com/book/10.1007/978-3-031-17746-0,Book,,,,,,,,,
"Advances in Practical Applications of Agents, Multi-Agent Systems, and Complex Systems Simulation. The PAAMS Collection",Lecture Notes in Computer Science,,,,10.1007/978-3-031-18192-4,Frank DignumPhilippe MathieuJuan Manuel CorchadoFernando De La Prieta,2022,http://link.springer.com/book/10.1007/978-3-031-18192-4,Book,,,,,,,,,
Logistics Management,Lecture Notes in Logistics,,,,10.1007/978-3-030-85843-8,Prof. Dr. Udo BuscherProf. Dr. Rainer LaschProf. Dr. Jörn Schönberger,2021,http://link.springer.com/book/10.1007/978-3-030-85843-8,Book,,,,,,,,,
Proceedings on 18th International Conference on Industrial Systems – IS’20,Lecture Notes on Multidisciplinary Industrial Engineering,,,,10.1007/978-3-030-97947-8,Assoc. Prof. Bojan LalicAssist. Prof. Danijela GracaninAssist. Prof. Nemanja TasicAssoc. Prof. Nenad Simeunović,2022,http://link.springer.com/book/10.1007/978-3-030-97947-8,Book,,,,,,,,,
International Scientific Siberian Transport Forum TransSiberia - 2021,Lecture Notes in Networks and Systems,,,,10.1007/978-3-030-96383-5,Aleksey ManakovArkadii Edigarian,2022,http://link.springer.com/book/10.1007/978-3-030-96383-5,Book,,,,,,,,,
LISS 2021,Lecture Notes in Operations Research,,,,10.1007/978-981-16-8656-6,Prof. Xianliang ShiGábor BohácsYixuan MaDaqing GongXiaopu Shang,2022,http://link.springer.com/book/10.1007/978-981-16-8656-6,Book,,,,,,,,,
"Proceedings of the Future Technologies Conference (FTC) 2022, Volume 2",Lecture Notes in Networks and Systems,,,,10.1007/978-3-031-18458-1,Kohei Arai,2023,http://link.springer.com/book/10.1007/978-3-031-18458-1,Book,,,,,,,,,
Collaborative Networks in Digitalization and Society 5.0,IFIP Advances in Information and Communication Technology,,,,10.1007/978-3-031-14844-6,Luis M. Camarinha-MatosAngel OrtizXavier BoucherA. Luís Osório,2022,http://link.springer.com/book/10.1007/978-3-031-14844-6,Book,,,,,,,,,
Protection of Historical Constructions,Lecture Notes in Civil Engineering,,,,10.1007/978-3-030-90788-4,Prof. Ioannis VayasProf. Federico M. Mazzolani,2022,http://link.springer.com/book/10.1007/978-3-030-90788-4,Book,,,,,,,,,
Advances in Systems Engineering,Lecture Notes in Mechanical Engineering,,,,10.1007/978-981-15-8025-3,Dr. V. H. SaranProf. Rakesh Kumar Misra,2021,http://link.springer.com/book/10.1007/978-981-15-8025-3,Book,,,,,,,,,
IOT with Smart Systems,"Smart Innovation, Systems and Technologies",,,,10.1007/978-981-19-3575-6,Jyoti ChoudrieParikshit MahalleThinagaran PerumalAmit Joshi,2023,http://link.springer.com/book/10.1007/978-981-19-3575-6,Book,,,,,,,,,
Intelligent Computing,Lecture Notes in Networks and Systems,,,,10.1007/978-3-030-80126-7,Prof. Dr. Kohei Arai,2021,http://link.springer.com/book/10.1007/978-3-030-80126-7,Book,,,,,,,,,
"Computer Networks, Big Data and IoT",Lecture Notes on Data Engineering and Communications Technologies,,,,10.1007/978-981-19-0898-9,Dr. A. Pasumpon PandianDr. Xavier FernandoDr. Wang Haoxiang,2022,http://link.springer.com/book/10.1007/978-981-19-0898-9,Book,,,,,,,,,
Innovating Strategies and Solutions for Urban Performance and Regeneration,"Advances in Science, Technology & Innovation",,,,10.1007/978-3-030-98187-7,Cristina PiselliHaşim AltanOsman BalabanPeleg Kremer,2022,http://link.springer.com/book/10.1007/978-3-030-98187-7,Book,,,,,,,,,
Smart Trends in Computing and Communications,Lecture Notes in Networks and Systems,,,,10.1007/978-981-16-9967-2,Yu-Dong ZhangTomonobu SenjyuChakchai So-InAmit Joshi,2023,http://link.springer.com/book/10.1007/978-981-16-9967-2,Book,,,,,,,,,
Proceedings of the Sixteenth International Conference on Management Science and Engineering Management – Volume 2,Lecture Notes on Data Engineering and Communications Technologies,,,,10.1007/978-3-031-10385-8,Prof. Jiuping XuProf. Fulya AltiparmakProf. Mohamed Hag Ali HassanDr. Fausto Pedro García MárquezProf. Asaf Hajiyev,2022,http://link.springer.com/book/10.1007/978-3-031-10385-8,Book,,,,,,,,,
Blockchain and Applications,Lecture Notes in Networks and Systems,,,,10.1007/978-3-030-86162-9,Javier PrietoAlberto PartidaPaulo LeitãoProf. António Pinto,2022,http://link.springer.com/book/10.1007/978-3-030-86162-9,Book,,,,,,,,,
Cross-Cultural Design. Experience and Product Design Across Cultures,Lecture Notes in Computer Science,,,,10.1007/978-3-030-77074-7,Prof. Pei-Luen Patrick Rau,2021,http://link.springer.com/book/10.1007/978-3-030-77074-7,Book,,,,,,,,,
Intelligent Communication Technologies and Virtual Mobile Networks,Lecture Notes on Data Engineering and Communications Technologies,,,,10.1007/978-981-19-1844-5,Dr. G. RajakumarDr. Ke-Lin DuDr. Chandrasekar VuppalapatiDr. Grigorios N. Beligiannis,2023,http://link.springer.com/book/10.1007/978-981-19-1844-5,Book,,,,,,,,,
ICT Infrastructure and Computing,Lecture Notes in Networks and Systems,,,,10.1007/978-981-19-5331-6,Milan TubaShyam AkasheAmit Joshi,2023,http://link.springer.com/book/10.1007/978-981-19-5331-6,Book,,,,,,,,,
Marketing and Smart Technologies,"Smart Innovation, Systems and Technologies",,,,10.1007/978-981-16-9272-7,Dr. José Luís ReisDr. Marc K. PeterDr. Ricardo CayollaDr. Zorica Bogdanović,2022,http://link.springer.com/book/10.1007/978-981-16-9272-7,Book,,,,,,,,,
Emerging Technologies in Computer Engineering: Cognitive Computing and Intelligent IoT,Communications in Computer and Information Science,,,,10.1007/978-3-031-07012-9,Prof. Valentina E. BalasDr. G. R. SinhaDr. Basant AgarwalTarun Kumar SharmaPankaj DadheechMehul Mahrishi,2022,http://link.springer.com/book/10.1007/978-3-031-07012-9,Book,,,,,,,,,
"Disruptive Technologies in Media, Arts and Design",Lecture Notes in Networks and Systems,,,,10.1007/978-3-030-93780-5,Dr. Alexiei DingliDr. Alexander PfeifferAlesha SeradaMark BugejaStephen Bezzina,2022,http://link.springer.com/book/10.1007/978-3-030-93780-5,Book,,,,,,,,,
Advanced Information Systems Engineering Workshops,Lecture Notes in Business Information Processing,,,,10.1007/978-3-030-79022-6,Dr. Artem PolyvyanyyStefanie Rinderle-Ma,2021,http://link.springer.com/book/10.1007/978-3-030-79022-6,Book,,,,,,,,,
Collaborative Networks and Digital Transformation,IFIP Advances in Information and Communication Technology,,,,10.1007/978-3-030-28464-0,Luis M. Camarinha-MatosHamideh AfsarmaneshDario Antonelli,2019,http://link.springer.com/book/10.1007/978-3-030-28464-0,Book,,,,,,,,,
"Future Data and Security Engineering. Big Data, Security and Privacy, Smart City and Industry 4.0 Applications",Communications in Computer and Information Science,,,,10.1007/978-981-19-8069-5,Tran Khanh DangJosef KüngTai M. Chung,2022,http://link.springer.com/book/10.1007/978-981-19-8069-5,Book,,,,,,,,,
Eurasian Business and Economics Perspectives,Eurasian Studies in Business and Economics,,,,10.1007/978-3-030-85304-4,Prof. Dr. Mehmet Huseyin BilginHakan DanisEnder DemirGokhan Karabulut,2021,http://link.springer.com/book/10.1007/978-3-030-85304-4,Book,,,,,,,,,
Trends and Advances in Information Systems and Technologies,Advances in Intelligent Systems and Computing,,,,10.1007/978-3-319-77703-0,Álvaro RochaHojjat AdeliLuís Paulo ReisSandra Costanzo,2018,http://link.springer.com/book/10.1007/978-3-319-77703-0,Book,,,,,,,,,
Advances in the Human Side of Service Engineering,Lecture Notes in Networks and Systems,,,,10.1007/978-3-030-80840-2,Dr. Christine LeitnerWalter GanzDebra SatterfieldClara Bassano,2021,http://link.springer.com/book/10.1007/978-3-030-80840-2,Book,,,,,,,,,
Eurasian Business and Economics Perspectives,Eurasian Studies in Business and Economics,,,,10.1007/978-3-030-94036-2,Prof. Dr. Mehmet Huseyin BilginHakan DanisEnder DemirDr. Adam Zaremba,2022,http://link.springer.com/book/10.1007/978-3-030-94036-2,Book,,,,,,,,,
International Conference on Innovative Computing and Communications,Lecture Notes in Networks and Systems,,,,10.1007/978-981-19-3679-1,Deepak GuptaAshish KhannaAboul Ella HassanienSameer AnandAjay Jaiswal,2023,http://link.springer.com/book/10.1007/978-981-19-3679-1,Book,,,,,,,,,
Business Modeling and Software Design,Lecture Notes in Business Information Processing,,,,10.1007/978-3-030-79976-2,Dr. Boris Shishkov,2021,http://link.springer.com/book/10.1007/978-3-030-79976-2,Book,,,,,,,,,
Agile Processes in Software Engineering and Extreme Programming,Lecture Notes in Business Information Processing,,,,10.1007/978-3-319-91602-6,Juan GarbajosaXiaofeng WangAdemar Aguiar,2018,http://link.springer.com/book/10.1007/978-3-319-91602-6,Book,,,,,,,,,
Internet Science,Lecture Notes in Computer Science,,,,10.1007/978-3-030-17705-8,Svetlana S. BodrunovaOlessia KoltsovaAsbjørn FølstadHarry HalpinPolina KolozaridiLeonid YuldashevAnna SmoliarovaHeiko Niedermayer,2019,http://link.springer.com/book/10.1007/978-3-030-17705-8,Book,,,,,,,,,
Advances on Smart and Soft Computing,Advances in Intelligent Systems and Computing,,,,10.1007/978-981-16-5559-3,Dr. Faisal SaeedDr. Tawfik Al-HadhramiDr. Errais MohammedDr. Mohammed Al-Sarem,2022,http://link.springer.com/book/10.1007/978-981-16-5559-3,Book,,,,,,,,,
"International Conference on Computing, Communication, Electrical and Biomedical Systems",EAI/Springer Innovations in Communication and Computing,,,,10.1007/978-3-030-86165-0,Dr. Arulmurugan RamuChow Chee OnnDr. M.G. Sumithra,2022,http://link.springer.com/book/10.1007/978-3-030-86165-0,Book,,,,,,,,,
Advances in Decision Science and Management,Advances in Intelligent Systems and Computing,,,,10.1007/978-981-16-2502-2,Prof. Taosheng WangProf. Dr. Srikanta PatnaikDr. Andrew W.H. IpProf. Madjid Tavana,2022,http://link.springer.com/book/10.1007/978-981-16-2502-2,Book,,,,,,,,,
Applications of Decision Science in Management,"Smart Innovation, Systems and Technologies",,,,10.1007/978-981-19-2768-3,Taosheng WangSrikanta PatnaikWu Chun Ho JackMaria Leonilde Rocha Varela,2023,http://link.springer.com/book/10.1007/978-981-19-2768-3,Book,,,,,,,,,
Intelligent Systems and Applications,Lecture Notes in Networks and Systems,,,,10.1007/978-3-030-82199-9,Prof. Dr. Kohei Arai,2022,http://link.springer.com/book/10.1007/978-3-030-82199-9,Book,,,,,,,,,
Designing the Digital Transformation,Lecture Notes in Computer Science,,,,10.1007/978-3-319-59144-5,Alexander MaedcheJan vom BrockeAlan Hevner,2017,http://link.springer.com/book/10.1007/978-3-319-59144-5,Book,,,,,,,,,
"Stabilization, Safety, and Security of Distributed Systems",Lecture Notes in Computer Science,,,,10.1007/978-3-031-21017-4,Stéphane DevismesFranck PetitKarine AltisenGiuseppe Antonio Di LunaAntonio Fernandez Anta,2022,http://link.springer.com/book/10.1007/978-3-031-21017-4,Book,,,,,,,,,
Innovative Computing,Lecture Notes in Electrical Engineering,,,,10.1007/978-981-19-4132-0,Yan PeiJia-Wei ChangJason C. Hung,2022,http://link.springer.com/book/10.1007/978-981-19-4132-0,Book,,,,,,,,,
Business Intelligence and Information Technology,Lecture Notes on Data Engineering and Communications Technologies,,,,10.1007/978-3-030-92632-8,Prof. Aboul Ella HassanienProf. Yaoqun XuProf. Zhijie ZhaoSabah MohammedDr. Zhipeng Fan,2022,http://link.springer.com/book/10.1007/978-3-030-92632-8,Book,,,,,,,,,
Electronic Governance and Open Society: Challenges in Eurasia,Communications in Computer and Information Science,,,,10.1007/978-3-031-04238-6,Dr. Andrei V. ChugunovMarijn JanssenIgor KhodachekDr. Yuri MisnikovDmitrii Trutnev,2022,http://link.springer.com/book/10.1007/978-3-031-04238-6,Book,,,,,,,,,
Smart Trends in Computing and Communications,Lecture Notes in Networks and Systems,,,,10.1007/978-981-16-4016-2,Prof. Yu-Dong ZhangProf. Tomonobu SenjyuProf. Chakchai So-InDr. Amit Joshi,2022,http://link.springer.com/book/10.1007/978-981-16-4016-2,Book,,,,,,,,,
"Cybersecurity, Privacy and Freedom Protection in the Connected World",Advanced Sciences and Technologies for Security Applications,,,,10.1007/978-3-030-68534-8,Hamid JahankhaniArshad JamalShaun Lawson,2021,http://link.springer.com/book/10.1007/978-3-030-68534-8,Book,,,,,,,,,
Proceedings of the International Conference on Ubiquitous Computing & Ambient Intelligence (UCAmI 2022),Lecture Notes in Networks and Systems,,,,10.1007/978-3-031-21333-5,José BravoSergio OchoaJesús Favela,2023,http://link.springer.com/book/10.1007/978-3-031-21333-5,Book,,,,,,,,,
Social Informatics,Lecture Notes in Computer Science,,,,10.1007/978-3-031-19097-1,Frank HopfgartnerKokil JaidkaPhilipp MayrJoemon JoseJan Breitsohl,2022,http://link.springer.com/book/10.1007/978-3-031-19097-1,Book,,,,,,,,,
Research Challenges in Information Science,Lecture Notes in Business Information Processing,,,,10.1007/978-3-031-05760-1,Renata GuizzardiDr. Jolita RalytéProf. Dr. Xavier Franch,2022,http://link.springer.com/book/10.1007/978-3-031-05760-1,Book,,,,,,,,,
Information Systems and Design,Communications in Computer and Information Science,,,,10.1007/978-3-030-95494-9,Victor TaratukhinMikhail MatveevProf. Dr. Jörg BeckerYury Kupriyanov,2022,http://link.springer.com/book/10.1007/978-3-030-95494-9,Book,,,,,,,,,
ICCCE 2021,Lecture Notes in Electrical Engineering,,,,10.1007/978-981-16-7985-8,Dr. Amit KumarDr. Stefan Mozar,2022,http://link.springer.com/book/10.1007/978-981-16-7985-8,Book,,,,,,,,,
Smart Education and e-Learning 2021,"Smart Innovation, Systems and Technologies",,,,10.1007/978-981-16-2834-4,Dr. Vladimir L. UskovProf. Robert J. HowlettProf. Lakhmi C. Jain,2021,http://link.springer.com/book/10.1007/978-981-16-2834-4,Book,,,,,,,,,
e-Infrastructure and e-Services for Developing Countries,"Lecture Notes of the Institute for Computer Sciences, Social Informatics and Telecommunications Engineering",,,,10.1007/978-3-031-06374-9,Yahya H. SheikhIdris A. RaiAbubakar D. Bakar,2022,http://link.springer.com/book/10.1007/978-3-031-06374-9,Book,,,,,,,,,
Algorithmic Antitrust,Economic Analysis of Law in European Legal Scholarship,,,,10.1007/978-3-030-85859-9,Aurelien Portuese,2022,http://link.springer.com/book/10.1007/978-3-030-85859-9,Book,,,,,,,,,
"Advances in VLSI, Communication, and Signal Processing",Lecture Notes in Electrical Engineering,,,,10.1007/978-981-19-2631-0,Amit DhawanR. A. MishraKarm Veer AryaCarlos Ruiz Zamarreño,2022,http://link.springer.com/book/10.1007/978-981-19-2631-0,Book,,,,,,,,,
Intelligent Computing,Lecture Notes in Networks and Systems,,,,10.1007/978-3-031-10467-1,Prof. Dr. Kohei Arai,2022,http://link.springer.com/book/10.1007/978-3-031-10467-1,Book,,,,,,,,,
"The International Conference on Deep Learning, Big Data and Blockchain (Deep-BDB 2021)",Lecture Notes in Networks and Systems,,,,10.1007/978-3-030-84337-3,Prof. Irfan AwanProf. Salima BenbernouMuhammad YounasMarkus Aleksy,2022,http://link.springer.com/book/10.1007/978-3-030-84337-3,Book,,,,,,,,,
Do Machines Dream of Electric Workers?,Lecture Notes in Information Systems and Organisation,,,,10.1007/978-3-030-83321-3,Prof. Luca SolariProf. Marcello MartinezAlessio Maria BracciniProf. Alessandra Lazazzara,2022,http://link.springer.com/book/10.1007/978-3-030-83321-3,Book,,,,,,,,,
The Role of Digital Technologies in Shaping the Post-Pandemic World,Lecture Notes in Computer Science,,,,10.1007/978-3-031-15342-6,Savvas PapagiannidisEleftherios AlamanosSuraksha GuptaPh.D. Yogesh K. DwivediMatti MäntymäkiDr. Ilias O. Pappas,2022,http://link.springer.com/book/10.1007/978-3-031-15342-6,Book,,,,,,,,,
Artificial Intelligence Applications and Innovations. AIAI 2022 IFIP WG 12.5 International Workshops,IFIP Advances in Information and Communication Technology,,,,10.1007/978-3-031-08341-9,Ilias MaglogiannisLazaros IliadisProf. John MacintyrePaulo Cortez,2022,http://link.springer.com/book/10.1007/978-3-031-08341-9,Book,,,,,,,,,
"Advances in Design, Simulation and Manufacturing IV",Lecture Notes in Mechanical Engineering,,,,10.1007/978-3-030-77719-7,Vitalii IvanovDr. Justyna TrojanowskaIvan PavlenkoJozef ZajacDragan Peraković,2021,http://link.springer.com/book/10.1007/978-3-030-77719-7,Book,,,,,,,,,
Data Intelligence and Cognitive Informatics,Algorithms for Intelligent Systems,,,,10.1007/978-981-19-6004-8,I. Jeena JacobSelvanayaki Kolandapalayam ShanmugamIvan Izonin,2023,http://link.springer.com/book/10.1007/978-981-19-6004-8,Book,,,,,,,,,
Internet of Things – ICIOT 2021,Lecture Notes in Computer Science,,,,10.1007/978-3-030-96068-1,Bedir TekinerdoganYingwei WangLiang-Jie Zhang,2022,http://link.springer.com/book/10.1007/978-3-030-96068-1,Book,,,,,,,,,
"Leveraging Applications of Formal Methods, Verification and Validation. Practice",Lecture Notes in Computer Science,,,,10.1007/978-3-031-19762-8,Tiziana MargariaBernhard Steffen,2022,http://link.springer.com/book/10.1007/978-3-031-19762-8,Book,,,,,,,,,
"Proceedings of the Future Technologies Conference (FTC) 2022, Volume 1",Lecture Notes in Networks and Systems,,,,10.1007/978-3-031-18461-1,Kohei Arai,2023,http://link.springer.com/book/10.1007/978-3-031-18461-1,Book,,,,,,,,,
"Advances on P2P, Parallel, Grid, Cloud and Internet Computing",Lecture Notes in Networks and Systems,,,,10.1007/978-3-030-89899-1,Prof. Leonard Barolli,2022,http://link.springer.com/book/10.1007/978-3-030-89899-1,Book,,,,,,,,,
Blockchain and Trustworthy Systems,Communications in Computer and Information Science,,,,10.1007/978-981-19-8043-5,Davor SvetinovicYin ZhangXiapu LuoXiaoyan HuangXingping Chen,2022,http://link.springer.com/book/10.1007/978-981-19-8043-5,Book,,,,,,,,,
"Signal and Information Processing, Networking and Computers",Lecture Notes in Electrical Engineering,,,,10.1007/978-981-19-3387-5,Prof. Jiande SunDr. Yue WangMengyao HuoDr. Lexi Xu,2023,http://link.springer.com/book/10.1007/978-981-19-3387-5,Book,,,,,,,,,
Software Engineering and Algorithms,Lecture Notes in Networks and Systems,,,,10.1007/978-3-030-77442-4,Dr. Radek Silhavy,2021,http://link.springer.com/book/10.1007/978-3-030-77442-4,Book,,,,,,,,,
Advances in Artificial Systems for Power Engineering II,Lecture Notes on Data Engineering and Communications Technologies,,,,10.1007/978-3-030-97064-2,Dr. Zhengbing HuProf. Bo WangProf. Sergey PetoukhovProf. Matthew He,2022,http://link.springer.com/book/10.1007/978-3-030-97064-2,Book,,,,,,,,,
Current Trends in Communication and Information Technologies,Lecture Notes in Networks and Systems,,,,10.1007/978-3-030-76343-5,Petro VorobiyenkoProf. Mykhailo IlchenkoProf. Iryna Strelkovska,2021,http://link.springer.com/book/10.1007/978-3-030-76343-5,Book,,,,,,,,,
Human-Computer Interaction – INTERACT 2021,Lecture Notes in Computer Science,,,,10.1007/978-3-030-85616-8,Carmelo ArditoRosa LanzilottiAlessio MaliziaHelen PetrieAntonio PiccinnoDr. Giuseppe DesoldaKori Inkpen,2021,http://link.springer.com/book/10.1007/978-3-030-85616-8,Book,,,,,,,,,
EU Internet Law in the Digital Single Market,,,,,10.1007/978-3-030-69583-5,Dr. Tatiana-Eleni SynodinouProf. Philippe JougleuxProf. Dr. Christiana MarkouProf. Dr. Thalia Prastitou-Merdi,2021,http://link.springer.com/book/10.1007/978-3-030-69583-5,Book,,,,,,,,,
Data Intelligence and Cognitive Informatics,Algorithms for Intelligent Systems,,,,10.1007/978-981-16-6460-1,Dr. I. Jeena JacobDr. Selvanayaki Kolandapalayam ShanmugamDr. Robert Bestak,2022,http://link.springer.com/book/10.1007/978-981-16-6460-1,Book,,,,,,,,,
Web Information Systems and Applications,Lecture Notes in Computer Science,,,,10.1007/978-3-031-20309-1,Xiang ZhaoShiyu YangXin WangJianxin Li,2022,http://link.springer.com/book/10.1007/978-3-031-20309-1,Book,,,,,,,,,
Applied Cryptography and Network Security Workshops,Lecture Notes in Computer Science,,,,10.1007/978-3-030-81645-2,Jianying ZhouChuadhry Mujeeb AhmedProf. Dr. Lejla BatinaSudipta ChattopadhyayOlga GadyatskayaChenglu JinJingqiang LinEleonora LosioukBo LuoSuryadipta MajumdarMihalis ManiatakosDaisuke MashimaDr. Weizhi MengStjepan PicekMasaki ShimaokaChunhua SuCong Wang,2021,http://link.springer.com/book/10.1007/978-3-030-81645-2,Book,,,,,,,,,
Advances in Artificial Intelligence and Security,Communications in Computer and Information Science,,,,10.1007/978-3-030-78621-2,Xingming SunProf. Xiaorui ZhangZhihua XiaProf. Dr. Elisa Bertino,2021,http://link.springer.com/book/10.1007/978-3-030-78621-2,Book,,,,,,,,,
International Conference on Innovative Computing and Communications,Lecture Notes in Networks and Systems,,,,10.1007/978-981-19-2821-5,Deepak GuptaAshish KhannaSiddhartha BhattacharyyaAboul Ella HassanienSameer AnandAjay Jaiswal,2023,http://link.springer.com/book/10.1007/978-981-19-2821-5,Book,,,,,,,,,
Academic Freedom Under Pressure?,,,,,10.1007/978-3-030-77524-7,Dr. Margrit SeckelmannProf. Dr. Lorenza VioliniCristina Fraenkel-HaeberleGiada Ragone,2021,http://link.springer.com/book/10.1007/978-3-030-77524-7,Book,,,,,,,,,
Information Integration and Web Intelligence,Lecture Notes in Computer Science,,,,10.1007/978-3-031-21047-1,Eric PardedePari Delir HaghighiIsmail KhalilGabriele Kotsis,2022,http://link.springer.com/book/10.1007/978-3-031-21047-1,Book,,,,,,,,,
Euro-Par 2021: Parallel Processing Workshops,Lecture Notes in Computer Science,,,,10.1007/978-3-031-06156-1,Ricardo ChavesDora B. HerasAleksandar IlicDidem UnatRosa M. BadiaAndrea BraccialiPatrick DiehlDr. Anshu DubeyOh SangyoonStephen L. ScottLaura Ricci,2022,http://link.springer.com/book/10.1007/978-3-031-06156-1,Book,,,,,,,,,
"HCI in Business, Government and Organizations. eCommerce and Consumer Behavior",Lecture Notes in Computer Science,,,,10.1007/978-3-030-22335-9,Dr. Fiona Fui-Hoon NahProf. Keng Siau,2019,http://link.springer.com/book/10.1007/978-3-030-22335-9,Book,,,,,,,,,
Intelligent Data Engineering and Analytics,"Smart Innovation, Systems and Technologies",,,,10.1007/978-981-16-6624-7,Dr. Suresh Chandra SatapathyDr. Peter PeerDr. Jinshan TangDr. Vikrant BhatejaDr. Anumoy Ghosh,2022,http://link.springer.com/book/10.1007/978-981-16-6624-7,Book,,,,,,,,,
Human-Centric Smart Computing,"Smart Innovation, Systems and Technologies",,,,10.1007/978-981-19-5403-0,Siddhartha BhattacharyyaJyoti Sekhar BanerjeeMario Köppen,2023,http://link.springer.com/book/10.1007/978-981-19-5403-0,Book,,,,,,,,,
"Computer Safety, Reliability, and Security",Lecture Notes in Computer Science,,,,10.1007/978-3-030-26250-1,Alexander RomanovskyElena TroubitsynaDr. Ilir GashiErwin SchoitschFriedemann Bitsch,2019,http://link.springer.com/book/10.1007/978-3-030-26250-1,Book,,,,,,,,,
Formal Methods,Lecture Notes in Computer Science,,,,10.1007/978-3-030-90870-6,Prof. Dr. Marieke HuismanCorina PăsăreanuNaijun Zhan,2021,http://link.springer.com/book/10.1007/978-3-030-90870-6,Book,,,,,,,,,
"HCI for Cybersecurity, Privacy and Trust",Lecture Notes in Computer Science,,,,10.1007/978-3-031-05563-8,Abbas Moallem,2022,http://link.springer.com/book/10.1007/978-3-031-05563-8,Book,,,,,,,,,
Financial Cryptography and Data Security,Lecture Notes in Computer Science,,,,10.1007/978-3-662-64331-0,Prof. Nikita BorisovClaudia Diaz,2021,http://link.springer.com/book/10.1007/978-3-662-64331-0,"Book""Global Encyclopedia of Public Administration, Public Policy, and Governance",,,,,10.1007/978-3-319-20928-9,Ali Farazmand,2018,http://link.springer.com/referencework/10.1007/978-3-319-20928-9,ReferenceWork
"Encyclopedia of Creativity, Invention, Innovation and Entrepreneurship",,,,,10.1007/978-3-319-15347-6,Elias G. Carayannis,2020,http://link.springer.com/referencework/10.1007/978-3-319-15347-6,ReferenceWork,,,,,,,,,
The International Encyclopedia of Higher Education Systems and Institutions,,,,,10.1007/978-94-017-8905-9,Pedro Nuno TeixeiraJung Cheol Shin,2020,http://link.springer.com/referencework/10.1007/978-94-017-8905-9,ReferenceWork,,,,,,,,,
Handbook of Education Systems in South Asia,Global Education Systems,,,,10.1007/978-981-15-0032-9,Prof. Padma M. SarangapaniDr. Rekha Pappu,2021,http://link.springer.com/referencework/10.1007/978-981-15-0032-9,ReferenceWork,,,,,,,,,
The Palgrave Handbook of Climate Resilient Societies,,,,,10.1007/978-3-030-42462-6,Robert C. Brears,2021,http://link.springer.com/referencework/10.1007/978-3-030-42462-6,ReferenceWork,,,,,,,,,
Clean Water and Sanitation,Encyclopedia of the UN Sustainable Development Goals,,,,10.1007/978-3-319-95846-0,Walter Leal FilhoAnabela Marisa AzulLuciana BrandliAmanda Lange SalviaTony Wall,2022,http://link.springer.com/referencework/10.1007/978-3-319-95846-0,ReferenceWork,,,,,,,,,
Encyclopedia of Gerontology and Population Aging,,,,,10.1007/978-3-030-22009-9,Danan GuMatthew E. Dupre,2021,http://link.springer.com/referencework/10.1007/978-3-030-22009-9,ReferenceWork,,,,,,,,,
The Palgrave Handbook of Corporate Social Responsibility,,,,,10.1007/978-3-030-42465-7,David CrowtherShahla Seifi,2021,http://link.springer.com/referencework/10.1007/978-3-030-42465-7,ReferenceWork,,,,,,,,,
Quality Education,Encyclopedia of the UN Sustainable Development Goals,,,,10.1007/978-3-319-95870-5,Walter Leal FilhoAnabela Marisa AzulLuciana BrandliPinar Gökçin ÖzuyarTony Wall,2020,http://link.springer.com/referencework/10.1007/978-3-319-95870-5,ReferenceWork,,,,,,,,,
Encyclopedia of Sustainability in Higher Education,,,,,10.1007/978-3-030-11352-0,Walter Leal Filho,2019,http://link.springer.com/referencework/10.1007/978-3-030-11352-0,ReferenceWork,,,,,,,,,
"Peace, Justice and Strong Institutions",Encyclopedia of the UN Sustainable Development Goals,,,,10.1007/978-3-319-95960-3,Walter Leal FilhoAnabela Marisa AzulLuciana BrandliAmanda Lange SalviaPinar Gökçin ÖzuyarTony Wall,2021,http://link.springer.com/referencework/10.1007/978-3-319-95960-3,ReferenceWork,,,,,,,,,
Encyclopedia of Teacher Education,,,,,10.1007/978-981-16-8679-5,Michael A. Peters,2022,http://link.springer.com/referencework/10.1007/978-981-16-8679-5,ReferenceWork,,,,,,,,,
The New Palgrave Dictionary of Economics,,,,,10.1057/978-1-349-95189-5,,2018,http://link.springer.com/referencework/10.1057/978-1-349-95189-5,ReferenceWork,,,,,,,,,
The Statesman’s Yearbook 2022,The Statesman's Yearbook,,,,10.1057/978-1-349-96045-3,,2022,http://link.springer.com/referencework/10.1057/978-1-349-96045-3,ReferenceWork,,,,,,,,,
The Grants Register 2023,,,,,10.1057/978-1-349-96053-8,,2022,http://link.springer.com/referencework/10.1057/978-1-349-96053-8,ReferenceWork,,,,,,,,,
The Grants Register 2022,,,,,10.1057/978-1-349-96042-2,,2021,http://link.springer.com/referencework/10.1057/978-1-349-96042-2,ReferenceWork,,,,,,,,,
The Palgrave Handbook of the Public Servant,,,,,10.1007/978-3-030-29980-4,Prof. Helen SullivanProf. Helen DickinsonHayley Henderson,2021,http://link.springer.com/referencework/10.1007/978-3-030-29980-4,ReferenceWork,,,,,,,,,
Encyclopedia of Wireless Networks,,,,,10.1007/978-3-319-78262-1,Xuemin (Sherman) ShenXiaodong LinKuan Zhang,2020,http://link.springer.com/referencework/10.1007/978-3-319-78262-1,ReferenceWork,,,,,,,,,
Encyclopedia of Database Systems,,,,,10.1007/978-1-4614-8265-9,Ling LiuM. Tamer Özsu,2018,http://link.springer.com/referencework/10.1007/978-1-4614-8265-9,"ReferenceWork""Interdisciplinarity and Sustainable Development",Encyclopedia of Sustainability in Higher Education,,,,10.1007/978-3-030-11352-0_215,Ann Crabbé,2019,http://link.springer.com/referenceworkentry/10.1007/978-3-030-11352-0_215,ReferenceWorkEntry
Interdisciplinarity and Sustainable Development,Encyclopedia of Sustainability in Higher Education,,,,10.1007/978-3-319-63951-2_215-1,Ann Crabbé,2019,http://link.springer.com/referenceworkentry/10.1007/978-3-319-63951-2_215-1,ReferenceWorkEntry,,,,,,,,,
Social Innovation Through Tradition: The Many Paths to Sustainable Development,Handbook of Business Legitimacy,,,,10.1007/978-3-030-14622-1_118,Milena ValevaHagai KatzYotam Lurie,2020,http://link.springer.com/referenceworkentry/10.1007/978-3-030-14622-1_118,ReferenceWorkEntry,,,,,,,,,
Social Innovation Through Tradition: The Many Paths to Sustainable Development,Handbook of Business Legitimacy,,,,10.1007/978-3-319-68845-9_118-1,Milena ValevaHagai KatzYotam Lurie,2020,http://link.springer.com/referenceworkentry/10.1007/978-3-319-68845-9_118-1,ReferenceWorkEntry,,,,,,,,,
Innovation and Sustainability,The Palgrave Handbook of Corporate Social Responsibility,,,,10.1007/978-3-030-42465-7_42,Cuong Van HoangThinh Gia HoangNam Hai VuDat Anh Le,2021,http://link.springer.com/referenceworkentry/10.1007/978-3-030-42465-7_42,ReferenceWorkEntry,,,,,,,,,
Innovation and Sustainability,The Palgrave Handbook of Corporate Social Responsibility,,,,10.1007/978-3-030-22438-7_42-1,Cuong Van HoangThinh Gia HoangNam Hai VuDat Anh Le,2020,http://link.springer.com/referenceworkentry/10.1007/978-3-030-22438-7_42-1,ReferenceWorkEntry,,,,,,,,,
After the Nation-State,The Palgrave Handbook of Climate Resilient Societies,,,,10.1007/978-3-030-32811-5_85-1,Vag-Lan Borges,2020,http://link.springer.com/referenceworkentry/10.1007/978-3-030-32811-5_85-1,ReferenceWorkEntry,,,,,,,,,
After the Nation-State,The Palgrave Handbook of Climate Resilient Societies,,,,10.1007/978-3-030-42462-6_85,Vag-Lan Borges,2021,http://link.springer.com/referenceworkentry/10.1007/978-3-030-42462-6_85,ReferenceWorkEntry,,,,,,,,,
Vienna International Plan of Action on Ageing,Encyclopedia of Gerontology and Population Aging,,,,10.1007/978-3-030-22009-9_246,William R. Patterson,2021,http://link.springer.com/referenceworkentry/10.1007/978-3-030-22009-9_246,ReferenceWorkEntry,,,,,,,,,
Vienna International Plan of Action on Ageing,Encyclopedia of Gerontology and Population Aging,,,,10.1007/978-3-319-69892-2_246-1,William R. Patterson,2019,http://link.springer.com/referenceworkentry/10.1007/978-3-319-69892-2_246-1,ReferenceWorkEntry,,,,,,,,,
Key Global Organizations,The Statesman’s Yearbook 2021,,,,10.1057/978-1-349-95972-3_1,,2021,http://link.springer.com/referenceworkentry/10.1057/978-1-349-95972-3_1,ReferenceWorkEntry,,,,,,,,,
Key Global Organizations,The Statesman’s Yearbook 2022,,,,10.1057/978-1-349-96045-3_1,,2022,http://link.springer.com/referenceworkentry/10.1057/978-1-349-96045-3_1,ReferenceWorkEntry,,,,,,,,,
Conceptions of School Curriculum in South Asia,Handbook of Education Systems in South Asia,,,,10.1007/978-981-15-0032-9_75,Gunjan Sharma,2021,http://link.springer.com/referenceworkentry/10.1007/978-981-15-0032-9_75,ReferenceWorkEntry,,,,,,,,,
Urban Water Scarcity in Semi-arid Regions: Water Management in Southern Spain,Clean Water and Sanitation,,,,10.1007/978-3-319-70061-8_130-1,Álvaro-Francisco MoroteSaeid Eslamian,2020,http://link.springer.com/referenceworkentry/10.1007/978-3-319-70061-8_130-1,ReferenceWorkEntry,,,,,,,,,
Conceptions of School Curriculum in South Asia,Handbook of Education Systems in South Asia,,,,10.1007/978-981-13-3309-5_75-1,Gunjan Sharma,2020,http://link.springer.com/referenceworkentry/10.1007/978-981-13-3309-5_75-1,ReferenceWorkEntry,,,,,,,,,
Key Global Organizations,The Statesman’s Yearbook 2020,,,,10.1057/978-1-349-95940-2_1,,2020,http://link.springer.com/referenceworkentry/10.1057/978-1-349-95940-2_1,ReferenceWorkEntry,,,,,,,,,
Corporate Social Responsibility and the Future: Setting the Scene,The Palgrave Handbook of Corporate Social Responsibility,,,,10.1007/978-3-030-22438-7_94-1,David CrowtherShahla Seifi,2020,http://link.springer.com/referenceworkentry/10.1007/978-3-030-22438-7_94-1,ReferenceWorkEntry,,,,,,,,,
Corporate Social Responsibility and the Future: Setting the Scene,The Palgrave Handbook of Corporate Social Responsibility,,,,10.1007/978-3-030-42465-7_94,David CrowtherShahla Seifi,2021,http://link.springer.com/referenceworkentry/10.1007/978-3-030-42465-7_94,ReferenceWorkEntry,,,,,,,,,
"Energy Cooperatives in the EU and United States: History, Regulations, and Challenges",Affordable and Clean Energy,,,,10.1007/978-3-319-95864-4_108,G. Winston GilcreaseOsman ArrobbioAlessandro Sciullo,2021,http://link.springer.com/referenceworkentry/10.1007/978-3-319-95864-4_108,ReferenceWorkEntry,,,,,,,,,
Running Distance Education at Scale,"Handbook of Open, Distance and Digital Education",,,,10.1007/978-981-19-0351-9_26-1,John Daniel,2022,http://link.springer.com/referenceworkentry/10.1007/978-981-19-0351-9_26-1,ReferenceWorkEntry,,,,,,,,,
Policy Instruments for Educational Governance: A Comparative Investigation of India and China,International Handbook on Education Development in Asia-Pacific,,,,10.1007/978-981-16-2327-1_98-1,Yifei Yan,2022,http://link.springer.com/referenceworkentry/10.1007/978-981-16-2327-1_98-1,ReferenceWorkEntry,,,,,,,,,
Specialized Agencies of the UN,The Statesman’s Yearbook 2018,,,,10.1007/978-1-349-70154-4_4,,2018,http://link.springer.com/referenceworkentry/10.1007/978-1-349-70154-4_4,ReferenceWorkEntry,,,,,,,,,
Specialized Agencies of the UN,The Statesman’s Yearbook 2019,,,,10.1007/978-1-349-95321-9_4,,2019,http://link.springer.com/referenceworkentry/10.1007/978-1-349-95321-9_4,ReferenceWorkEntry,,,,,,,,,
"Energy Cooperatives in EU and United States: History, Regulations, and Challenges",Affordable and Clean Energy,,,,10.1007/978-3-319-71057-0_108-1,G. Winston GilcreaseOsman ArrobbioAlessandro Sciullo,2020,http://link.springer.com/referenceworkentry/10.1007/978-3-319-71057-0_108-1,ReferenceWorkEntry,,,,,,,,,
Regulatory Paradigm Shift for Social Peace and Justice,"Peace, Justice and Strong Institutions",,,,10.1007/978-3-319-95960-3_59,Kamani Sylva,2021,http://link.springer.com/referenceworkentry/10.1007/978-3-319-95960-3_59,ReferenceWorkEntry,,,,,,,,,
Innovation Systems to Adapt to Climate Change: Lessons from the Kenyan Coffee and Dairy Sectors,Handbook of Climate Change Resilience,,,,10.1007/978-3-319-71025-9_25-1,Kinfe AsayehegnLudovic TemplePhilippe VaastAna Iglesias,2018,http://link.springer.com/referenceworkentry/10.1007/978-3-319-71025-9_25-1,ReferenceWorkEntry,,,,,,,,,
Innovation Systems to Adapt to Climate Change: Lessons from the Kenyan Coffee and Dairy Sectors,Handbook of Climate Change Resilience,,,,10.1007/978-3-319-93336-8_25,Kinfe AsayehegnLudovic TemplePhilippe VaastAna Iglesias,2020,http://link.springer.com/referenceworkentry/10.1007/978-3-319-93336-8_25,ReferenceWorkEntry,,,,,,,,,
Urban Water Scarcity in Semi-arid Regions: Water Management in Southern Spain,Clean Water and Sanitation,,,,10.1007/978-3-319-95846-0_130,Álvaro-Francisco MoroteSaeid Eslamian,2022,http://link.springer.com/referenceworkentry/10.1007/978-3-319-95846-0_130,ReferenceWorkEntry,,,,,,,,,
Regulatory Paradigm Shift for Social Peace and Justice,"Peace, Justice and Strong Institutions",,,,10.1007/978-3-319-71066-2_59-1,Kamani Sylva,2020,http://link.springer.com/referenceworkentry/10.1007/978-3-319-71066-2_59-1,ReferenceWorkEntry,,,,,,,,,
Innovation System of India,"Encyclopedia of Creativity, Invention, Innovation and Entrepreneurship",,,,10.1007/978-3-319-15347-6_498,Sonali BhattacharyaShubhasheesh Bhattacharya,2020,http://link.springer.com/referenceworkentry/10.1007/978-3-319-15347-6_498,ReferenceWorkEntry,,,,,,,,,
Institutional Preparedness Against Disasters: A Case Study of Odisha,International Handbook of Disaster Research,,,,10.1007/978-981-16-8800-3_12-1,Pradeep Harichandan,2022,http://link.springer.com/referenceworkentry/10.1007/978-981-16-8800-3_12-1,ReferenceWorkEntry,,,,,,,,,
Cooperatives,Encyclopedia of Sustainable Management,,,,10.1007/978-3-030-02006-4_702-1,Andrea Girardi,2020,http://link.springer.com/referenceworkentry/10.1007/978-3-030-02006-4_702-1,ReferenceWorkEntry,,,,,,,,,
Space Security in Brazil,Handbook of Space Security,,,,10.1007/978-3-030-23210-8_131,Olavo de O. Bittencourt NetoDaniel Freire e Almeida,2020,http://link.springer.com/referenceworkentry/10.1007/978-3-030-23210-8_131,ReferenceWorkEntry,,,,,,,,,
Space Security in Brazil,Handbook of Space Security,,,,10.1007/978-3-030-22786-9_131-1,Olavo de O. Bittencourt NetoDaniel Freire e Almeida,2020,http://link.springer.com/referenceworkentry/10.1007/978-3-030-22786-9_131-1,ReferenceWorkEntry,,,,,,,,,
Quality Control in Higher Education,Quality Education,,,,10.1007/978-3-319-69902-8_47-1,Suresh GargMadhulika Kaushik,2020,http://link.springer.com/referenceworkentry/10.1007/978-3-319-69902-8_47-1,ReferenceWorkEntry,,,,,,,,,
"Children’s Rights, Student Voice, and Partnerships in Learning and Teaching",Encyclopedia of Teacher Education,,,,10.1007/978-981-16-8679-5_426,Roseanna BourkeJohn O’NeillJudith Loveridge,2022,http://link.springer.com/referenceworkentry/10.1007/978-981-16-8679-5_426,ReferenceWorkEntry,,,,,,,,,
United Nations Environment Programme,Encyclopedia of Business and Professional Ethics,,,,10.1007/978-3-319-23514-1_1115-1,Maria Ivanova,2022,http://link.springer.com/referenceworkentry/10.1007/978-3-319-23514-1_1115-1,ReferenceWorkEntry,,,,,,,,,
Quality Control in Higher Education,Quality Education,,,,10.1007/978-3-319-95870-5_47,Suresh GargMadhulika Kaushik,2020,http://link.springer.com/referenceworkentry/10.1007/978-3-319-95870-5_47,ReferenceWorkEntry,,,,,,,,,
The Status of School Education in Nepal: Educating the Nation Through Schooling,Handbook of Education Systems in South Asia,,,,10.1007/978-981-13-3309-5_16-2,Pramod BhattaArchana Mehendale,2021,http://link.springer.com/referenceworkentry/10.1007/978-981-13-3309-5_16-2,ReferenceWorkEntry,,,,,,,,,
The Status of School Education in Nepal,Handbook of Education Systems in South Asia,,,,10.1007/978-981-15-0032-9_16,Pramod BhattaArchana Mehendale,2021,http://link.springer.com/referenceworkentry/10.1007/978-981-15-0032-9_16,ReferenceWorkEntry,,,,,,,,,
"Children’s Rights, Student Voice, and Partnerships in Learning and Teaching",Encyclopedia of Teacher Education,,,,10.1007/978-981-13-1179-6_426-1,Roseanna BourkeJohn O’NeillJudith Loveridge,2022,http://link.springer.com/referenceworkentry/10.1007/978-981-13-1179-6_426-1,ReferenceWorkEntry,,,,,,,,,
Colombia,Encyclopedia of Latin American Religions,,,,10.1007/978-3-319-27078-4_344,Sandra M. Rios Oyola,2019,http://link.springer.com/referenceworkentry/10.1007/978-3-319-27078-4_344,ReferenceWorkEntry,,,,,,,,,
Geosciences Digital Ecosystems,Encyclopedia of Mathematical Geosciences,,,,10.1007/978-3-030-26050-7_458-1,Stefano NativiPaolo Mazzetti,2021,http://link.springer.com/referenceworkentry/10.1007/978-3-030-26050-7_458-1,ReferenceWorkEntry,,,,,,,,,
Tertiary Education,Quality Education,,,,10.1007/978-3-319-69902-8_55-1,Steve Lambert,2020,http://link.springer.com/referenceworkentry/10.1007/978-3-319-69902-8_55-1,ReferenceWorkEntry,,,,,,,,,
Demand-Driven Theories and Models of Regional Growth,Handbook of Regional Science,,,,10.1007/978-3-662-60723-7_15,William CochraneJacques Poot,2021,http://link.springer.com/referenceworkentry/10.1007/978-3-662-60723-7_15,ReferenceWorkEntry,,,,,,,,,
Demand-Driven Theories and Models of Regional Growth,Handbook of Regional Science,,,,10.1007/978-3-642-36203-3_15-1,William CochraneJacques Poot,2019,http://link.springer.com/referenceworkentry/10.1007/978-3-642-36203-3_15-1,ReferenceWorkEntry,,,,,,,,,
"Higher Education Systems and Institutions, India",The International Encyclopedia of Higher Education Systems and Institutions,,,,10.1007/978-94-017-8905-9_543,Roopa Desai Trilokekar,2020,http://link.springer.com/referenceworkentry/10.1007/978-94-017-8905-9_543,ReferenceWorkEntry,,,,,,,,,
"Higher Education Systems and Institutions, India",Encyclopedia of International Higher Education Systems and Institutions,,,,10.1007/978-94-017-9553-1_543-1,Roopa Desai Trilokekar,2018,http://link.springer.com/referenceworkentry/10.1007/978-94-017-9553-1_543-1,ReferenceWorkEntry,,,,,,,,,
Colombia,Encyclopedia of Latin American Religions,,,,10.1007/978-3-319-08956-0_344-1,Sandra M. Rios Oyola,2019,http://link.springer.com/referenceworkentry/10.1007/978-3-319-08956-0_344-1,ReferenceWorkEntry,,,,,,,,,
Tertiary Education,Quality Education,,,,10.1007/978-3-319-95870-5_55,Steve Lambert,2020,http://link.springer.com/referenceworkentry/10.1007/978-3-319-95870-5_55,ReferenceWorkEntry,,,,,,,,,
